"No.","Time","Source","Destination","Protocol","Length","Multiplex ID","NT Status","Info"
"1","0.000000","192.168.198.204","192.168.198.203","TCP","66","","","51112  >  445 [SYN] Seq=0 Win=8192 Len=0 MSS=1460 WS=256 SACK_PERM"
"2","0.000275","VMware_68:24:5a","Broadcast","ARP","60","","","Who has 192.168.198.204? Tell 192.168.198.203"
"3","0.000417","VMware_a3:01:b7","VMware_68:24:5a","ARP","60","","","192.168.198.204 is at 00:0c:29:a3:01:b7"
"4","0.000452","192.168.198.203","192.168.198.204","TCP","66","","","445  >  51112 [SYN, ACK] Seq=0 Ack=1 Win=8192 Len=0 MSS=1460 WS=256 SACK_PERM"
"5","0.000580","192.168.198.204","192.168.198.203","TCP","60","","","51112  >  445 [ACK] Seq=1 Ack=1 Win=65536 Len=0"
"6","0.000617","192.168.198.204","192.168.198.203","SMB","191","64","STATUS_SUCCESS","Negotiate Protocol Request"
"7","0.002461","192.168.198.203","192.168.198.204","SMB","173","64","STATUS_SUCCESS","Negotiate Protocol Response"
"8","0.002463","192.168.198.204","192.168.198.203","SMB","194","64","STATUS_SUCCESS","Session Setup AndX Request, User: anonymous"
"9","0.002639","192.168.198.203","192.168.198.204","SMB","251","64","STATUS_SUCCESS","Session Setup AndX Response"
"10","0.002651","192.168.198.204","192.168.198.203","SMB","154","64","STATUS_SUCCESS","Tree Connect AndX Request, Path: \\\\192.168.198.203\\IPC$"
"11","0.002652","192.168.198.203","192.168.198.204","SMB","114","64","STATUS_SUCCESS","Tree Connect AndX Response"
"12","0.002653","192.168.198.204","192.168.198.203","SMB","136","65","STATUS_SUCCESS","Trans2 Request, SESSION_SETUP"
"13","0.002654","192.168.198.203","192.168.198.204","SMB","93","65","STATUS_NOT_IMPLEMENTED","Trans2 Response, SESSION_SETUP, Error: STATUS_NOT_IMPLEMENTED"
"14","0.004962","192.168.198.204","192.168.198.203","SMB","1138","65","STATUS_SUCCESS","NT Trans Request, <unknown>"
"15","0.005044","192.168.198.203","192.168.198.204","SMB","93","65","STATUS_SUCCESS","NT Trans Response, <unknown (0)>"
"16","0.005204","192.168.198.204","192.168.198.203","SMB","4207","65","STATUS_SUCCESS","Trans2 Secondary Request, FID: 0x0000"
"17","0.005339","192.168.198.203","192.168.198.204","TCP","60","","","445  >  51112 [ACK] Seq=455 Ack=5697 Win=65536 Len=0"
"18","0.005346","192.168.198.203","192.168.198.204","TCP","60","","","[TCP ACKed unseen segment] 445  >  51112 [ACK] Seq=455 Ack=8617 Win=65536 Len=0"
"19","0.005347","192.168.198.204","192.168.198.203","TCP","2974","","","[TCP Spurious Retransmission] 51112  >  445 [ACK] Seq=5697 Ack=455 Win=65024 Len=2920"
"20","0.005350","192.168.198.204","192.168.198.203","NBSS","1287","","","NBSS Continuation Message"
"21","0.005578","192.168.198.204","192.168.198.203","SMB","4207","65","STATUS_SUCCESS","Trans2 Secondary Request, FID: 0x0000"
"22","0.005594","192.168.198.203","192.168.198.204","TCP","60","","","445  >  51112 [ACK] Seq=455 Ack=14003 Win=65536 Len=0"
"23","0.005818","192.168.198.204","192.168.198.203","SMB","4207","65","STATUS_SUCCESS","Trans2 Secondary Request, FID: 0x0000"
"24","0.005964","192.168.198.203","192.168.198.204","TCP","60","","","445  >  51112 [ACK] Seq=455 Ack=18156 Win=65536 Len=0"
"25","0.005971","192.168.198.204","192.168.198.203","SMB","4207","65","STATUS_SUCCESS","Trans2 Secondary Request, FID: 0x0000"
"26","0.006075","192.168.198.203","192.168.198.204","TCP","60","","","445  >  51112 [ACK] Seq=455 Ack=22309 Win=65536 Len=0"
"27","0.006130","192.168.198.204","192.168.198.203","SMB","4207","65","STATUS_SUCCESS","Trans2 Secondary Request, FID: 0x0000"
"28","0.006225","192.168.198.203","192.168.198.204","TCP","60","","","445  >  51112 [ACK] Seq=455 Ack=26462 Win=65536 Len=0"
"29","0.006231","192.168.198.204","192.168.198.203","SMB","4207","65","STATUS_SUCCESS","Trans2 Secondary Request, FID: 0x0000"
"30","0.006347","192.168.198.203","192.168.198.204","TCP","60","","","445  >  51112 [ACK] Seq=455 Ack=30615 Win=65536 Len=0"
"31","0.006356","192.168.198.204","192.168.198.203","SMB","4207","65","STATUS_SUCCESS","Trans2 Secondary Request, FID: 0x0000"
"32","0.006458","192.168.198.203","192.168.198.204","TCP","60","","","445  >  51112 [ACK] Seq=455 Ack=34768 Win=65536 Len=0"
"33","0.006467","192.168.198.204","192.168.198.203","SMB","4207","65","STATUS_SUCCESS","Trans2 Secondary Request, FID: 0x0000"
"34","0.006558","192.168.198.203","192.168.198.204","TCP","60","","","445  >  51112 [ACK] Seq=455 Ack=38921 Win=65536 Len=0"
"35","0.006638","192.168.198.204","192.168.198.203","SMB","4207","65","STATUS_SUCCESS","Trans2 Secondary Request, FID: 0x0000"
"36","0.006688","192.168.198.203","192.168.198.204","TCP","60","","","445  >  51112 [ACK] Seq=455 Ack=43074 Win=65536 Len=0"
"37","0.006762","192.168.198.204","192.168.198.203","SMB","4207","65","STATUS_SUCCESS","Trans2 Secondary Request, FID: 0x0000"
"38","0.006931","192.168.198.203","192.168.198.204","TCP","60","","","445  >  51112 [ACK] Seq=455 Ack=47227 Win=65536 Len=0"
"39","0.006936","192.168.198.204","192.168.198.203","SMB","4207","65","STATUS_SUCCESS","Trans2 Secondary Request, FID: 0x0000"
"40","0.006965","192.168.198.203","192.168.198.204","TCP","60","","","445  >  51112 [ACK] Seq=455 Ack=51380 Win=65536 Len=0"
"41","0.007078","192.168.198.204","192.168.198.203","SMB","4207","65","STATUS_SUCCESS","Trans2 Secondary Request, FID: 0x0000"
"42","0.007118","192.168.198.203","192.168.198.204","TCP","60","","","445  >  51112 [ACK] Seq=455 Ack=55533 Win=65536 Len=0"
"43","0.007121","192.168.198.204","192.168.198.203","SMB","4207","65","STATUS_SUCCESS","Trans2 Secondary Request, FID: 0x0000"
"44","0.007238","192.168.198.203","192.168.198.204","TCP","60","","","445  >  51112 [ACK] Seq=455 Ack=59686 Win=65536 Len=0"
"45","0.007244","192.168.198.204","192.168.198.203","SMB","4207","65","STATUS_SUCCESS","Trans2 Secondary Request, FID: 0x0000"
"46","0.007275","192.168.198.203","192.168.198.204","TCP","60","","","445  >  51112 [ACK] Seq=455 Ack=63839 Win=65536 Len=0"
"47","0.007405","192.168.198.204","192.168.198.203","SMB","107","65","STATUS_SUCCESS","Echo Request"
"48","0.007461","192.168.198.203","192.168.198.204","SMB","107","65","STATUS_SUCCESS","Echo Response"
"49","0.007686","192.168.198.204","192.168.198.203","TCP","66","","","51113  >  445 [SYN] Seq=0 Win=8192 Len=0 MSS=1460 WS=256 SACK_PERM"
"50","0.007826","192.168.198.203","192.168.198.204","TCP","66","","","445  >  51113 [SYN, ACK] Seq=0 Ack=1 Win=8192 Len=0 MSS=1460 WS=256 SACK_PERM"
"51","0.007835","192.168.198.204","192.168.198.203","TCP","60","","","51113  >  445 [ACK] Seq=1 Ack=1 Win=65536 Len=0"
"52","0.007938","192.168.198.204","192.168.198.203","SMB","191","64","STATUS_SUCCESS","Negotiate Protocol Request"
"53","0.013157","192.168.198.203","192.168.198.204","SMB","185","64","STATUS_SUCCESS","Negotiate Protocol Response"
"54","0.013354","192.168.198.204","192.168.198.203","SMB","139","64","STATUS_SUCCESS","Session Setup AndX Request"
"55","0.013428","192.168.198.203","192.168.198.204","SMB","251","64","STATUS_SUCCESS","Session Setup AndX Response"
"56","0.013662","192.168.198.204","192.168.198.203","TCP","66","","","51114  >  445 [SYN] Seq=0 Win=8192 Len=0 MSS=1460 WS=256 SACK_PERM"
"57","0.013725","192.168.198.203","192.168.198.204","TCP","66","","","445  >  51114 [SYN, ACK] Seq=0 Ack=1 Win=8192 Len=0 MSS=1460 WS=256 SACK_PERM"
"58","0.013865","192.168.198.204","192.168.198.203","TCP","60","","","51114  >  445 [ACK] Seq=1 Ack=1 Win=65536 Len=0"
"59","0.013995","192.168.198.204","192.168.198.203","TCP","186","","","51114  >  445 [PSH, ACK] Seq=1 Ack=1 Win=65536 Len=132 [TCP segment of a reassembled PDU]"
"60","0.014122","192.168.198.204","192.168.198.203","TCP","66","","","51115  >  445 [SYN] Seq=0 Win=8192 Len=0 MSS=1460 WS=256 SACK_PERM"
"61","0.014180","192.168.198.203","192.168.198.204","TCP","66","","","445  >  51115 [SYN, ACK] Seq=0 Ack=1 Win=8192 Len=0 MSS=1460 WS=256 SACK_PERM"
"62","0.014293","192.168.198.204","192.168.198.203","TCP","60","","","51115  >  445 [ACK] Seq=1 Ack=1 Win=65536 Len=0"
"63","0.014338","192.168.198.204","192.168.198.203","TCP","186","","","51115  >  445 [PSH, ACK] Seq=1 Ack=1 Win=65536 Len=132 [TCP segment of a reassembled PDU]"
"64","0.014474","192.168.198.204","192.168.198.203","TCP","66","","","51116  >  445 [SYN] Seq=0 Win=8192 Len=0 MSS=1460 WS=256 SACK_PERM"
"65","0.014557","192.168.198.203","192.168.198.204","TCP","66","","","445  >  51116 [SYN, ACK] Seq=0 Ack=1 Win=8192 Len=0 MSS=1460 WS=256 SACK_PERM"
"66","0.014587","192.168.198.204","192.168.198.203","TCP","60","","","51116  >  445 [ACK] Seq=1 Ack=1 Win=65536 Len=0"
"67","0.014668","192.168.198.204","192.168.198.203","TCP","186","","","51116  >  445 [PSH, ACK] Seq=1 Ack=1 Win=65536 Len=132 [TCP segment of a reassembled PDU]"
"68","0.014803","192.168.198.204","192.168.198.203","TCP","66","","","51117  >  445 [SYN] Seq=0 Win=8192 Len=0 MSS=1460 WS=256 SACK_PERM"
"69","0.014831","192.168.198.203","192.168.198.204","TCP","66","","","445  >  51117 [SYN, ACK] Seq=0 Ack=1 Win=8192 Len=0 MSS=1460 WS=256 SACK_PERM"
"70","0.014951","192.168.198.204","192.168.198.203","TCP","60","","","51117  >  445 [ACK] Seq=1 Ack=1 Win=65536 Len=0"
"71","0.014956","192.168.198.204","192.168.198.203","TCP","186","","","51117  >  445 [PSH, ACK] Seq=1 Ack=1 Win=65536 Len=132 [TCP segment of a reassembled PDU]"
"72","0.015053","192.168.198.204","192.168.198.203","TCP","66","","","51118  >  445 [SYN] Seq=0 Win=8192 Len=0 MSS=1460 WS=256 SACK_PERM"
"73","0.015100","192.168.198.203","192.168.198.204","TCP","66","","","445  >  51118 [SYN, ACK] Seq=0 Ack=1 Win=8192 Len=0 MSS=1460 WS=256 SACK_PERM"
"74","0.015158","192.168.198.204","192.168.198.203","TCP","60","","","51118  >  445 [ACK] Seq=1 Ack=1 Win=65536 Len=0"
"75","0.015250","192.168.198.204","192.168.198.203","TCP","186","","","51118  >  445 [PSH, ACK] Seq=1 Ack=1 Win=65536 Len=132 [TCP segment of a reassembled PDU]"
"76","0.015330","192.168.198.204","192.168.198.203","TCP","66","","","51119  >  445 [SYN] Seq=0 Win=8192 Len=0 MSS=1460 WS=256 SACK_PERM"
"77","0.015375","192.168.198.203","192.168.198.204","TCP","66","","","445  >  51119 [SYN, ACK] Seq=0 Ack=1 Win=8192 Len=0 MSS=1460 WS=256 SACK_PERM"
"78","0.015483","192.168.198.204","192.168.198.203","TCP","60","","","51119  >  445 [ACK] Seq=1 Ack=1 Win=65536 Len=0"
"79","0.015489","192.168.198.204","192.168.198.203","TCP","186","","","51119  >  445 [PSH, ACK] Seq=1 Ack=1 Win=65536 Len=132 [TCP segment of a reassembled PDU]"
"80","0.015625","192.168.198.204","192.168.198.203","TCP","66","","","51120  >  445 [SYN] Seq=0 Win=8192 Len=0 MSS=1460 WS=256 SACK_PERM"
"81","0.015630","192.168.198.203","192.168.198.204","TCP","66","","","445  >  51120 [SYN, ACK] Seq=0 Ack=1 Win=8192 Len=0 MSS=1460 WS=256 SACK_PERM"
"82","0.015737","192.168.198.204","192.168.198.203","TCP","60","","","51120  >  445 [ACK] Seq=1 Ack=1 Win=65536 Len=0"
"83","0.015771","192.168.198.204","192.168.198.203","TCP","186","","","51120  >  445 [PSH, ACK] Seq=1 Ack=1 Win=65536 Len=132 [TCP segment of a reassembled PDU]"
"84","0.015873","192.168.198.204","192.168.198.203","TCP","66","","","51121  >  445 [SYN] Seq=0 Win=8192 Len=0 MSS=1460 WS=256 SACK_PERM"
"85","0.015963","192.168.198.203","192.168.198.204","TCP","66","","","445  >  51121 [SYN, ACK] Seq=0 Ack=1 Win=8192 Len=0 MSS=1460 WS=256 SACK_PERM"
"86","0.015968","192.168.198.204","192.168.198.203","TCP","60","","","51121  >  445 [ACK] Seq=1 Ack=1 Win=65536 Len=0"
"87","0.016024","192.168.198.204","192.168.198.203","TCP","186","","","51121  >  445 [PSH, ACK] Seq=1 Ack=1 Win=65536 Len=132 [TCP segment of a reassembled PDU]"
"88","0.016174","192.168.198.204","192.168.198.203","TCP","66","","","51122  >  445 [SYN] Seq=0 Win=8192 Len=0 MSS=1460 WS=256 SACK_PERM"
"89","0.016247","192.168.198.203","192.168.198.204","TCP","66","","","445  >  51122 [SYN, ACK] Seq=0 Ack=1 Win=8192 Len=0 MSS=1460 WS=256 SACK_PERM"
"90","0.016278","192.168.198.204","192.168.198.203","TCP","60","","","51122  >  445 [ACK] Seq=1 Ack=1 Win=65536 Len=0"
"91","0.016353","192.168.198.204","192.168.198.203","TCP","186","","","51122  >  445 [PSH, ACK] Seq=1 Ack=1 Win=65536 Len=132 [TCP segment of a reassembled PDU]"
"92","0.016437","192.168.198.204","192.168.198.203","TCP","66","","","51123  >  445 [SYN] Seq=0 Win=8192 Len=0 MSS=1460 WS=256 SACK_PERM"
"93","0.016485","192.168.198.203","192.168.198.204","TCP","66","","","445  >  51123 [SYN, ACK] Seq=0 Ack=1 Win=8192 Len=0 MSS=1460 WS=256 SACK_PERM"
"94","0.016592","192.168.198.204","192.168.198.203","TCP","60","","","51123  >  445 [ACK] Seq=1 Ack=1 Win=65536 Len=0"
"95","0.016596","192.168.198.204","192.168.198.203","TCP","186","","","51123  >  445 [PSH, ACK] Seq=1 Ack=1 Win=65536 Len=132 [TCP segment of a reassembled PDU]"
"96","0.016710","192.168.198.204","192.168.198.203","TCP","66","","","51124  >  445 [SYN] Seq=0 Win=8192 Len=0 MSS=1460 WS=256 SACK_PERM"
"97","0.016737","192.168.198.203","192.168.198.204","TCP","66","","","445  >  51124 [SYN, ACK] Seq=0 Ack=1 Win=8192 Len=0 MSS=1460 WS=256 SACK_PERM"
"98","0.016870","192.168.198.204","192.168.198.203","TCP","60","","","51124  >  445 [ACK] Seq=1 Ack=1 Win=65536 Len=0"
"99","0.016875","192.168.198.204","192.168.198.203","TCP","186","","","51124  >  445 [PSH, ACK] Seq=1 Ack=1 Win=65536 Len=132 [TCP segment of a reassembled PDU]"
"100","0.016947","192.168.198.204","192.168.198.203","TCP","66","","","51125  >  445 [SYN] Seq=0 Win=8192 Len=0 MSS=1460 WS=256 SACK_PERM"
"101","0.017001","192.168.198.203","192.168.198.204","TCP","66","","","445  >  51125 [SYN, ACK] Seq=0 Ack=1 Win=8192 Len=0 MSS=1460 WS=256 SACK_PERM"
"102","0.017147","192.168.198.204","192.168.198.203","TCP","60","","","51125  >  445 [ACK] Seq=1 Ack=1 Win=65536 Len=0"
"103","0.017153","192.168.198.204","192.168.198.203","TCP","186","","","51125  >  445 [PSH, ACK] Seq=1 Ack=1 Win=65536 Len=132 [TCP segment of a reassembled PDU]"
"104","0.017290","192.168.198.204","192.168.198.203","TCP","66","","","51126  >  445 [SYN] Seq=0 Win=8192 Len=0 MSS=1460 WS=256 SACK_PERM"
"105","0.017378","192.168.198.203","192.168.198.204","TCP","66","","","445  >  51126 [SYN, ACK] Seq=0 Ack=1 Win=8192 Len=0 MSS=1460 WS=256 SACK_PERM"
"106","0.017384","192.168.198.204","192.168.198.203","TCP","60","","","51126  >  445 [ACK] Seq=1 Ack=1 Win=65536 Len=0"
"107","0.017499","192.168.198.204","192.168.198.203","TCP","186","","","51126  >  445 [PSH, ACK] Seq=1 Ack=1 Win=65536 Len=132 [TCP segment of a reassembled PDU]"
"108","0.017636","192.168.198.204","192.168.198.203","TCP","66","","","51127  >  445 [SYN] Seq=0 Win=8192 Len=0 MSS=1460 WS=256 SACK_PERM"
"109","0.017729","192.168.198.203","192.168.198.204","TCP","66","","","445  >  51127 [SYN, ACK] Seq=0 Ack=1 Win=8192 Len=0 MSS=1460 WS=256 SACK_PERM"
"110","0.017893","192.168.198.204","192.168.198.203","TCP","60","","","51127  >  445 [ACK] Seq=1 Ack=1 Win=65536 Len=0"
"111","0.017937","192.168.198.204","192.168.198.203","SMB","191","64","STATUS_SUCCESS","Negotiate Protocol Request"
"112","0.018167","192.168.198.203","192.168.198.204","SMB","185","64","STATUS_SUCCESS","Negotiate Protocol Response"
"113","0.019419","192.168.198.204","192.168.198.203","SMB","139","64","STATUS_SUCCESS","Session Setup AndX Request"
"114","0.019488","192.168.198.203","192.168.198.204","SMB","175","64","STATUS_SUCCESS","Session Setup AndX Response"
"115","0.019658","192.168.198.204","192.168.198.203","TCP","60","","","51113  >  445 [FIN, ACK] Seq=223 Ack=329 Win=65280 Len=0"
"116","0.019715","192.168.198.203","192.168.198.204","TCP","60","","","445  >  51113 [ACK] Seq=329 Ack=224 Win=65536 Len=0"
"117","0.019777","192.168.198.203","192.168.198.204","TCP","60","","","445  >  51113 [RST, ACK] Seq=329 Ack=224 Win=0 Len=0"
"118","0.019876","192.168.198.204","192.168.198.203","TCP","66","","","51128  >  445 [SYN] Seq=0 Win=8192 Len=0 MSS=1460 WS=256 SACK_PERM"
"119","0.019881","192.168.198.203","192.168.198.204","TCP","66","","","445  >  51128 [SYN, ACK] Seq=0 Ack=1 Win=8192 Len=0 MSS=1460 WS=256 SACK_PERM"
"120","0.019989","192.168.198.204","192.168.198.203","TCP","60","","","51128  >  445 [ACK] Seq=1 Ack=1 Win=65536 Len=0"
"121","0.020111","192.168.198.204","192.168.198.203","TCP","186","","","51128  >  445 [PSH, ACK] Seq=1 Ack=1 Win=65536 Len=132 [TCP segment of a reassembled PDU]"
"122","0.020145","192.168.198.204","192.168.198.203","TCP","66","","","51129  >  445 [SYN] Seq=0 Win=8192 Len=0 MSS=1460 WS=256 SACK_PERM"
"123","0.020273","192.168.198.203","192.168.198.204","TCP","66","","","445  >  51129 [SYN, ACK] Seq=0 Ack=1 Win=8192 Len=0 MSS=1460 WS=256 SACK_PERM"
"124","0.022143","192.168.198.204","192.168.198.203","TCP","60","","","51129  >  445 [ACK] Seq=1 Ack=1 Win=65536 Len=0"
"125","0.022742","192.168.198.204","192.168.198.203","TCP","186","","","51129  >  445 [PSH, ACK] Seq=1 Ack=1 Win=65536 Len=132 [TCP segment of a reassembled PDU]"
"126","0.022751","192.168.198.204","192.168.198.203","TCP","66","","","51130  >  445 [SYN] Seq=0 Win=8192 Len=0 MSS=1460 WS=256 SACK_PERM"
"127","0.022752","192.168.198.203","192.168.198.204","TCP","66","","","445  >  51130 [SYN, ACK] Seq=0 Ack=1 Win=8192 Len=0 MSS=1460 WS=256 SACK_PERM"
"128","0.025043","192.168.198.204","192.168.198.203","TCP","60","","","51130  >  445 [ACK] Seq=1 Ack=1 Win=65536 Len=0"
"129","0.025056","192.168.198.204","192.168.198.203","TCP","186","","","51130  >  445 [PSH, ACK] Seq=1 Ack=1 Win=65536 Len=132 [TCP segment of a reassembled PDU]"
"130","0.026038","192.168.198.204","192.168.198.203","TCP","66","","","51131  >  445 [SYN] Seq=0 Win=8192 Len=0 MSS=1460 WS=256 SACK_PERM"
"131","0.026047","192.168.198.203","192.168.198.204","TCP","66","","","445  >  51131 [SYN, ACK] Seq=0 Ack=1 Win=8192 Len=0 MSS=1460 WS=256 SACK_PERM"
"132","0.027788","192.168.198.204","192.168.198.203","TCP","60","","","51131  >  445 [ACK] Seq=1 Ack=1 Win=65536 Len=0"
"133","0.027797","192.168.198.204","192.168.198.203","TCP","186","","","51131  >  445 [PSH, ACK] Seq=1 Ack=1 Win=65536 Len=132 [TCP segment of a reassembled PDU]"
"134","0.028034","192.168.198.204","192.168.198.203","TCP","66","","","51132  >  445 [SYN] Seq=0 Win=8192 Len=0 MSS=1460 WS=256 SACK_PERM"
"135","0.028040","192.168.198.203","192.168.198.204","TCP","66","","","445  >  51132 [SYN, ACK] Seq=0 Ack=1 Win=8192 Len=0 MSS=1460 WS=256 SACK_PERM"
"136","0.029528","192.168.198.204","192.168.198.203","TCP","60","","","51132  >  445 [ACK] Seq=1 Ack=1 Win=65536 Len=0"
"137","0.029535","192.168.198.204","192.168.198.203","TCP","186","","","51132  >  445 [PSH, ACK] Seq=1 Ack=1 Win=65536 Len=132 [TCP segment of a reassembled PDU]"
"138","0.065465","192.168.198.204","192.168.198.203","TCP","60","","","51112  >  445 [ACK] Seq=63892 Ack=508 Win=65024 Len=0"
"139","0.080145","192.168.198.204","192.168.198.203","TCP","60","","","51127  >  445 [ACK] Seq=223 Ack=253 Win=65280 Len=0"
"140","0.219915","192.168.198.203","192.168.198.204","TCP","60","","","445  >  51114 [ACK] Seq=1 Ack=133 Win=65536 Len=0"
"141","0.219929","192.168.198.203","192.168.198.204","TCP","60","","","445  >  51115 [ACK] Seq=1 Ack=133 Win=65536 Len=0"
"142","0.219964","192.168.198.203","192.168.198.204","TCP","60","","","445  >  51116 [ACK] Seq=1 Ack=133 Win=65536 Len=0"
"143","0.219969","192.168.198.203","192.168.198.204","TCP","60","","","445  >  51117 [ACK] Seq=1 Ack=133 Win=65536 Len=0"
"144","0.220015","192.168.198.203","192.168.198.204","TCP","60","","","445  >  51118 [ACK] Seq=1 Ack=133 Win=65536 Len=0"
"145","0.220018","192.168.198.203","192.168.198.204","TCP","60","","","445  >  51119 [ACK] Seq=1 Ack=133 Win=65536 Len=0"
"146","0.220020","192.168.198.203","192.168.198.204","TCP","60","","","445  >  51120 [ACK] Seq=1 Ack=133 Win=65536 Len=0"
"147","0.220052","192.168.198.203","192.168.198.204","TCP","60","","","445  >  51121 [ACK] Seq=1 Ack=133 Win=65536 Len=0"
"148","0.220054","192.168.198.203","192.168.198.204","TCP","60","","","445  >  51122 [ACK] Seq=1 Ack=133 Win=65536 Len=0"
"149","0.220086","192.168.198.203","192.168.198.204","TCP","60","","","445  >  51123 [ACK] Seq=1 Ack=133 Win=65536 Len=0"
"150","0.220088","192.168.198.203","192.168.198.204","TCP","60","","","445  >  51124 [ACK] Seq=1 Ack=133 Win=65536 Len=0"
"151","0.220107","192.168.198.203","192.168.198.204","TCP","60","","","445  >  51125 [ACK] Seq=1 Ack=133 Win=65536 Len=0"
"152","0.220140","192.168.198.203","192.168.198.204","TCP","60","","","445  >  51126 [ACK] Seq=1 Ack=133 Win=65536 Len=0"
"153","0.222154","192.168.198.203","192.168.198.204","TCP","60","","","445  >  51128 [ACK] Seq=1 Ack=133 Win=65536 Len=0"
"154","0.222158","192.168.198.203","192.168.198.204","TCP","60","","","445  >  51129 [ACK] Seq=1 Ack=133 Win=65536 Len=0"
"155","0.222160","192.168.198.203","192.168.198.204","TCP","60","","","445  >  51130 [ACK] Seq=1 Ack=133 Win=65536 Len=0"
"156","0.222161","192.168.198.203","192.168.198.204","TCP","60","","","445  >  51131 [ACK] Seq=1 Ack=133 Win=65536 Len=0"
"157","0.234563","192.168.198.203","192.168.198.204","TCP","60","","","445  >  51132 [ACK] Seq=1 Ack=133 Win=65536 Len=0"
"158","1.034250","192.168.198.204","192.168.198.203","TCP","60","","","51127  >  445 [FIN, ACK] Seq=223 Ack=253 Win=65280 Len=0"
"159","1.034352","192.168.198.204","192.168.198.203","SMB","107","65","STATUS_SUCCESS","Echo Request"
"160","1.034362","192.168.198.203","192.168.198.204","TCP","60","","","445  >  51127 [ACK] Seq=253 Ack=224 Win=65536 Len=0"
"161","1.034478","192.168.198.203","192.168.198.204","SMB","107","65","STATUS_SUCCESS","Echo Response"
"162","1.034579","192.168.198.203","192.168.198.204","TCP","60","","","445  >  51127 [RST, ACK] Seq=253 Ack=224 Win=0 Len=0"
"163","1.035464","192.168.198.204","192.168.198.203","SMB","4207","65","STATUS_SUCCESS","Trans2 Secondary Request, FID: 0x0000"
"164","1.035652","192.168.198.203","192.168.198.204","TCP","60","","","445  >  51112 [ACK] Seq=561 Ack=68098 Win=65536 Len=0"
"165","1.035664","192.168.198.203","192.168.198.204","SMB","146","65","STATUS_INVALID_PARAMETER","Trans2 Response<unknown>, Error: STATUS_INVALID_PARAMETER"
"166","1.036791","192.168.198.204","192.168.198.203","TCP","4126","","","51114  >  445 [PSH, ACK] Seq=133 Ack=1 Win=65536 Len=4072 [TCP segment of a reassembled PDU]"
"167","1.036976","192.168.198.204","192.168.198.203","TCP","4126","","","51115  >  445 [PSH, ACK] Seq=133 Ack=1 Win=65536 Len=4072 [TCP segment of a reassembled PDU]"
"168","1.036986","192.168.198.203","192.168.198.204","TCP","60","","","445  >  51114 [ACK] Seq=1 Ack=4205 Win=65536 Len=0"
"169","1.036988","192.168.198.203","192.168.198.204","TCP","60","","","445  >  51115 [ACK] Seq=1 Ack=4205 Win=65536 Len=0"
"170","1.036990","192.168.198.204","192.168.198.203","TCP","4126","","","51116  >  445 [PSH, ACK] Seq=133 Ack=1 Win=65536 Len=4072 [TCP segment of a reassembled PDU]"
"171","1.037032","192.168.198.203","192.168.198.204","TCP","60","","","445  >  51116 [ACK] Seq=1 Ack=4205 Win=65536 Len=0"
"172","1.039100","192.168.198.204","192.168.198.203","TCP","4126","","","51117  >  445 [PSH, ACK] Seq=133 Ack=1 Win=65536 Len=4072 [TCP segment of a reassembled PDU]"
"173","1.039165","192.168.198.203","192.168.198.204","TCP","60","","","445  >  51117 [ACK] Seq=1 Ack=4205 Win=65536 Len=0"
"174","1.039327","192.168.198.204","192.168.198.203","TCP","4126","","","51118  >  445 [PSH, ACK] Seq=133 Ack=1 Win=65536 Len=4072 [TCP segment of a reassembled PDU]"
"175","1.039336","192.168.198.203","192.168.198.204","TCP","60","","","445  >  51118 [ACK] Seq=1 Ack=4205 Win=65536 Len=0"
"176","1.039342","192.168.198.204","192.168.198.203","TCP","4126","","","51119  >  445 [PSH, ACK] Seq=133 Ack=1 Win=65536 Len=4072 [TCP segment of a reassembled PDU]"
"177","1.039531","192.168.198.203","192.168.198.204","TCP","60","","","445  >  51119 [ACK] Seq=1 Ack=4205 Win=65536 Len=0"
"178","1.039539","192.168.198.204","192.168.198.203","TCP","4126","","","51120  >  445 [PSH, ACK] Seq=133 Ack=1 Win=65536 Len=4072 [TCP segment of a reassembled PDU]"
"179","1.039546","192.168.198.203","192.168.198.204","TCP","60","","","445  >  51120 [ACK] Seq=1 Ack=4205 Win=65536 Len=0"
"180","1.039547","192.168.198.204","192.168.198.203","TCP","4126","","","51121  >  445 [PSH, ACK] Seq=133 Ack=1 Win=65536 Len=4072 [TCP segment of a reassembled PDU]"
"181","1.039551","192.168.198.203","192.168.198.204","TCP","60","","","445  >  51121 [ACK] Seq=1 Ack=4205 Win=65536 Len=0"
"182","1.039603","192.168.198.204","192.168.198.203","TCP","4126","","","51122  >  445 [PSH, ACK] Seq=133 Ack=1 Win=65536 Len=4072 [TCP segment of a reassembled PDU]"
"183","1.039611","192.168.198.203","192.168.198.204","TCP","60","","","445  >  51122 [ACK] Seq=1 Ack=4205 Win=65536 Len=0"
"184","1.039613","192.168.198.204","192.168.198.203","TCP","4126","","","51123  >  445 [PSH, ACK] Seq=133 Ack=1 Win=65536 Len=4072 [TCP segment of a reassembled PDU]"
"185","1.039832","192.168.198.203","192.168.198.204","TCP","60","","","445  >  51123 [ACK] Seq=1 Ack=4205 Win=65536 Len=0"
"186","1.039842","192.168.198.204","192.168.198.203","TCP","4126","","","51124  >  445 [PSH, ACK] Seq=133 Ack=1 Win=65536 Len=4072 [TCP segment of a reassembled PDU]"
"187","1.039846","192.168.198.203","192.168.198.204","TCP","60","","","445  >  51124 [ACK] Seq=1 Ack=4205 Win=65536 Len=0"
"188","1.039848","192.168.198.204","192.168.198.203","TCP","4126","","","51125  >  445 [PSH, ACK] Seq=133 Ack=1 Win=65536 Len=4072 [TCP segment of a reassembled PDU]"
"189","1.039899","192.168.198.203","192.168.198.204","TCP","60","","","445  >  51125 [ACK] Seq=1 Ack=4205 Win=65536 Len=0"
"190","1.039903","192.168.198.204","192.168.198.203","TCP","4126","","","51126  >  445 [PSH, ACK] Seq=133 Ack=1 Win=65536 Len=4072 [TCP segment of a reassembled PDU]"
"191","1.039907","192.168.198.203","192.168.198.204","TCP","60","","","445  >  51126 [ACK] Seq=1 Ack=4205 Win=65536 Len=0"
"192","1.039909","192.168.198.204","192.168.198.203","TCP","4126","","","51128  >  445 [PSH, ACK] Seq=133 Ack=1 Win=65536 Len=4072 [TCP segment of a reassembled PDU]"
"193","1.039950","192.168.198.203","192.168.198.204","TCP","60","","","445  >  51128 [ACK] Seq=1 Ack=4205 Win=65536 Len=0"
"194","1.040225","192.168.198.204","192.168.198.203","TCP","4126","","","51129  >  445 [PSH, ACK] Seq=133 Ack=1 Win=65536 Len=4072 [TCP segment of a reassembled PDU]"
"195","1.040296","192.168.198.203","192.168.198.204","TCP","60","","","445  >  51129 [ACK] Seq=1 Ack=4205 Win=65536 Len=0"
"196","1.040301","192.168.198.204","192.168.198.203","TCP","4126","","","51130  >  445 [PSH, ACK] Seq=133 Ack=1 Win=65536 Len=4072 [TCP segment of a reassembled PDU]"
"197","1.040340","192.168.198.203","192.168.198.204","TCP","60","","","445  >  51130 [ACK] Seq=1 Ack=4205 Win=65536 Len=0"
"198","1.040514","192.168.198.204","192.168.198.203","TCP","4126","","","51131  >  445 [PSH, ACK] Seq=133 Ack=1 Win=65536 Len=4072 [TCP segment of a reassembled PDU]"
"199","1.040523","192.168.198.203","192.168.198.204","TCP","60","","","445  >  51131 [ACK] Seq=1 Ack=4205 Win=65536 Len=0"
"200","1.040525","192.168.198.204","192.168.198.203","TCP","4126","","","51132  >  445 [PSH, ACK] Seq=133 Ack=1 Win=65536 Len=4072 [TCP segment of a reassembled PDU]"
"201","1.040552","192.168.198.203","192.168.198.204","TCP","60","","","445  >  51132 [ACK] Seq=1 Ack=4205 Win=65536 Len=0"
"202","1.095830","192.168.198.204","192.168.198.203","TCP","60","","","51112  >  445 [ACK] Seq=68098 Ack=653 Win=65024 Len=0"
"203","11.047018","192.168.198.204","192.168.198.203","TCP","60","","","51114  >  445 [FIN, ACK] Seq=4205 Ack=1 Win=65536 Len=0"
"204","11.047120","192.168.198.204","192.168.198.203","TCP","60","","","51115  >  445 [FIN, ACK] Seq=4205 Ack=1 Win=65536 Len=0"
"205","11.047164","192.168.198.203","192.168.198.204","TCP","60","","","445  >  51114 [ACK] Seq=1 Ack=4206 Win=65536 Len=0"
"206","11.047218","192.168.198.204","192.168.198.203","TCP","60","","","51116  >  445 [FIN, ACK] Seq=4205 Ack=1 Win=65536 Len=0"
"207","11.047260","192.168.198.203","192.168.198.204","TCP","60","","","445  >  51115 [ACK] Seq=1 Ack=4206 Win=65536 Len=0"
"208","11.047291","192.168.198.203","192.168.198.204","TCP","60","","","445  >  51116 [ACK] Seq=1 Ack=4206 Win=65536 Len=0"
"209","11.047295","192.168.198.204","192.168.198.203","TCP","60","","","51117  >  445 [FIN, ACK] Seq=4205 Ack=1 Win=65536 Len=0"
"210","11.047360","192.168.198.203","192.168.198.204","TCP","60","","","445  >  51117 [ACK] Seq=1 Ack=4206 Win=65536 Len=0"
"211","11.047425","192.168.198.204","192.168.198.203","TCP","60","","","51118  >  445 [FIN, ACK] Seq=4205 Ack=1 Win=65536 Len=0"
"212","11.047431","192.168.198.203","192.168.198.204","TCP","60","","","445  >  51114 [RST, ACK] Seq=1 Ack=4206 Win=0 Len=0"
"213","11.047487","192.168.198.203","192.168.198.204","TCP","60","","","445  >  51118 [ACK] Seq=1 Ack=4206 Win=65536 Len=0"
"214","11.047582","192.168.198.203","192.168.198.204","TCP","60","","","445  >  51115 [RST, ACK] Seq=1 Ack=4206 Win=0 Len=0"
"215","11.047588","192.168.198.203","192.168.198.204","TCP","60","","","445  >  51116 [RST, ACK] Seq=1 Ack=4206 Win=0 Len=0"
"216","11.047619","192.168.198.203","192.168.198.204","TCP","60","","","445  >  51117 [RST, ACK] Seq=1 Ack=4206 Win=0 Len=0"
"217","11.047623","192.168.198.204","192.168.198.203","TCP","60","","","51119  >  445 [FIN, ACK] Seq=4205 Ack=1 Win=65536 Len=0"
"218","11.047702","192.168.198.203","192.168.198.204","TCP","60","","","445  >  51119 [ACK] Seq=1 Ack=4206 Win=65536 Len=0"
"219","11.047707","192.168.198.203","192.168.198.204","TCP","60","","","445  >  51118 [RST, ACK] Seq=1 Ack=4206 Win=0 Len=0"
"220","11.047752","192.168.198.203","192.168.198.204","TCP","60","","","445  >  51119 [RST, ACK] Seq=1 Ack=4206 Win=0 Len=0"
"221","11.047821","192.168.198.204","192.168.198.203","TCP","60","","","51120  >  445 [FIN, ACK] Seq=4205 Ack=1 Win=65536 Len=0"
"222","11.047859","192.168.198.203","192.168.198.204","TCP","60","","","445  >  51120 [ACK] Seq=1 Ack=4206 Win=65536 Len=0"
"223","11.047904","192.168.198.204","192.168.198.203","TCP","60","","","51121  >  445 [FIN, ACK] Seq=4205 Ack=1 Win=65536 Len=0"
"224","11.047909","192.168.198.203","192.168.198.204","TCP","60","","","445  >  51120 [RST, ACK] Seq=1 Ack=4206 Win=0 Len=0"
"225","11.047941","192.168.198.203","192.168.198.204","TCP","60","","","445  >  51121 [ACK] Seq=1 Ack=4206 Win=65536 Len=0"
"226","11.048001","192.168.198.203","192.168.198.204","TCP","60","","","445  >  51121 [RST, ACK] Seq=1 Ack=4206 Win=0 Len=0"
"227","11.048153","192.168.198.204","192.168.198.203","TCP","60","","","51122  >  445 [FIN, ACK] Seq=4205 Ack=1 Win=65536 Len=0"
"228","11.048162","192.168.198.203","192.168.198.204","TCP","60","","","445  >  51122 [ACK] Seq=1 Ack=4206 Win=65536 Len=0"
"229","11.048163","192.168.198.204","192.168.198.203","TCP","60","","","51123  >  445 [FIN, ACK] Seq=4205 Ack=1 Win=65536 Len=0"
"230","11.048221","192.168.198.203","192.168.198.204","TCP","60","","","445  >  51123 [ACK] Seq=1 Ack=4206 Win=65536 Len=0"
"231","11.048226","192.168.198.204","192.168.198.203","TCP","60","","","51124  >  445 [FIN, ACK] Seq=4205 Ack=1 Win=65536 Len=0"
"232","11.048282","192.168.198.203","192.168.198.204","TCP","60","","","445  >  51124 [ACK] Seq=1 Ack=4206 Win=65536 Len=0"
"233","11.048286","192.168.198.204","192.168.198.203","TCP","60","","","51125  >  445 [FIN, ACK] Seq=4205 Ack=1 Win=65536 Len=0"
"234","11.048346","192.168.198.203","192.168.198.204","TCP","60","","","445  >  51123 [RST, ACK] Seq=1 Ack=4206 Win=0 Len=0"
"235","11.048348","192.168.198.203","192.168.198.204","TCP","60","","","445  >  51125 [ACK] Seq=1 Ack=4206 Win=65536 Len=0"
"236","11.048462","192.168.198.203","192.168.198.204","TCP","60","","","445  >  51124 [RST, ACK] Seq=1 Ack=4206 Win=0 Len=0"
"237","11.048467","192.168.198.203","192.168.198.204","TCP","60","","","445  >  51125 [RST, ACK] Seq=1 Ack=4206 Win=0 Len=0"
"238","11.048468","192.168.198.203","192.168.198.204","TCP","60","","","445  >  51122 [RST, ACK] Seq=1 Ack=4206 Win=0 Len=0"
"239","11.048555","192.168.198.204","192.168.198.203","TCP","60","","","51126  >  445 [FIN, ACK] Seq=4205 Ack=1 Win=65536 Len=0"
"240","11.048613","192.168.198.203","192.168.198.204","TCP","60","","","445  >  51126 [ACK] Seq=1 Ack=4206 Win=65536 Len=0"
"241","11.048617","192.168.198.204","192.168.198.203","TCP","60","","","51128  >  445 [FIN, ACK] Seq=4205 Ack=1 Win=65536 Len=0"
"242","11.048680","192.168.198.203","192.168.198.204","TCP","60","","","445  >  51128 [ACK] Seq=1 Ack=4206 Win=65536 Len=0"
"243","11.048684","192.168.198.204","192.168.198.203","TCP","60","","","51129  >  445 [FIN, ACK] Seq=4205 Ack=1 Win=65536 Len=0"
"244","11.048705","192.168.198.203","192.168.198.204","TCP","60","","","445  >  51128 [RST, ACK] Seq=1 Ack=4206 Win=0 Len=0"
"245","11.048784","192.168.198.203","192.168.198.204","TCP","60","","","445  >  51129 [ACK] Seq=1 Ack=4206 Win=65536 Len=0"
"246","11.048789","192.168.198.203","192.168.198.204","TCP","60","","","445  >  51129 [RST, ACK] Seq=1 Ack=4206 Win=0 Len=0"
"247","11.048844","192.168.198.203","192.168.198.204","TCP","60","","","445  >  51126 [RST, ACK] Seq=1 Ack=4206 Win=0 Len=0"
"248","11.048968","192.168.198.204","192.168.198.203","TCP","60","","","51130  >  445 [FIN, ACK] Seq=4205 Ack=1 Win=65536 Len=0"
"249","11.050910","192.168.198.203","192.168.198.204","TCP","60","","","445  >  51130 [ACK] Seq=1 Ack=4206 Win=65536 Len=0"
"250","11.050919","192.168.198.204","192.168.198.203","TCP","60","","","51131  >  445 [FIN, ACK] Seq=4205 Ack=1 Win=65536 Len=0"
"251","11.050920","192.168.198.203","192.168.198.204","TCP","60","","","445  >  51131 [ACK] Seq=1 Ack=4206 Win=65536 Len=0"
"252","11.050922","192.168.198.204","192.168.198.203","TCP","60","","","51132  >  445 [FIN, ACK] Seq=4205 Ack=1 Win=65536 Len=0"
"253","11.050923","192.168.198.203","192.168.198.204","TCP","60","","","445  >  51132 [ACK] Seq=1 Ack=4206 Win=65536 Len=0"
"254","11.051195","192.168.198.203","192.168.198.204","TCP","60","","","445  >  51131 [RST, ACK] Seq=1 Ack=4206 Win=0 Len=0"
"255","11.051201","192.168.198.203","192.168.198.204","TCP","60","","","445  >  51132 [RST, ACK] Seq=1 Ack=4206 Win=0 Len=0"
"256","11.051202","192.168.198.203","192.168.198.204","TCP","60","","","445  >  51130 [RST, ACK] Seq=1 Ack=4206 Win=0 Len=0"
"257","16.059916","192.168.198.204","192.168.198.203","SMB","136","66","STATUS_SUCCESS","Trans2 Request, SESSION_SETUP"
"258","16.060079","192.168.198.203","192.168.198.204","SMB","93","66","STATUS_NOT_IMPLEMENTED","Trans2 Response, SESSION_SETUP, Error: STATUS_NOT_IMPLEMENTED"
"259","16.122199","192.168.198.204","192.168.198.203","TCP","60","","","51112  >  445 [ACK] Seq=68180 Ack=692 Win=64768 Len=0"
"260","18.075493","192.168.198.204","192.168.198.203","TCP","66","","","51133  >  445 [SYN] Seq=0 Win=8192 Len=0 MSS=1460 WS=256 SACK_PERM"
"261","18.075746","192.168.198.203","192.168.198.204","TCP","66","","","445  >  51133 [SYN, ACK] Seq=0 Ack=1 Win=8192 Len=0 MSS=1460 WS=256 SACK_PERM"
"262","18.075764","192.168.198.204","192.168.198.203","TCP","60","","","51133  >  445 [ACK] Seq=1 Ack=1 Win=65536 Len=0"
"263","18.076065","192.168.198.204","192.168.198.203","SMB","191","64","STATUS_SUCCESS","Negotiate Protocol Request"
"264","18.076080","192.168.198.203","192.168.198.204","SMB","173","64","STATUS_SUCCESS","Negotiate Protocol Response"
"265","18.078860","192.168.198.204","192.168.198.203","SMB","194","64","STATUS_SUCCESS","Session Setup AndX Request, User: anonymous"
"266","18.079009","192.168.198.203","192.168.198.204","TCP","60","","","445  >  51112 [RST, ACK] Seq=692 Ack=68180 Win=0 Len=0"
"267","18.079390","192.168.198.203","192.168.198.204","SMB","251","64","STATUS_SUCCESS","Session Setup AndX Response"
"268","18.079554","192.168.198.204","192.168.198.203","SMB","154","64","STATUS_SUCCESS","Tree Connect AndX Request, Path: \\\\192.168.198.203\\IPC$"
"269","18.079696","192.168.198.203","192.168.198.204","SMB","114","64","STATUS_SUCCESS","Tree Connect AndX Response"
"270","18.079842","192.168.198.204","192.168.198.203","SMB","136","65","STATUS_SUCCESS","Trans2 Request, SESSION_SETUP"
"271","18.079924","192.168.198.203","192.168.198.204","SMB","93","65","STATUS_NOT_IMPLEMENTED","Trans2 Response, SESSION_SETUP, Error: STATUS_NOT_IMPLEMENTED"
"272","18.084437","192.168.198.204","192.168.198.203","SMB","1138","65","STATUS_SUCCESS","NT Trans Request, <unknown>"
"273","18.084519","192.168.198.203","192.168.198.204","SMB","93","65","STATUS_SUCCESS","NT Trans Response, <unknown (0)>"
"274","18.084690","192.168.198.204","192.168.198.203","SMB","4207","65","STATUS_SUCCESS","Trans2 Secondary Request, FID: 0x0000"
"275","18.084814","192.168.198.203","192.168.198.204","TCP","60","","","445  >  51133 [ACK] Seq=455 Ack=5697 Win=65536 Len=0"
"276","18.084821","192.168.198.204","192.168.198.203","TCP","2974","","","51133  >  445 [ACK] Seq=5697 Ack=455 Win=65024 Len=2920 [TCP segment of a reassembled PDU]"
"277","18.084869","192.168.198.203","192.168.198.204","TCP","60","","","445  >  51133 [ACK] Seq=455 Ack=8617 Win=65536 Len=0"
"278","18.084872","192.168.198.204","192.168.198.203","SMB","1287","65","STATUS_SUCCESS","Trans2 Secondary Request, FID: 0x0000"
"279","18.085148","192.168.198.204","192.168.198.203","SMB","4207","65","STATUS_SUCCESS","Trans2 Secondary Request, FID: 0x0000"
"280","18.085160","192.168.198.203","192.168.198.204","TCP","60","","","445  >  51133 [ACK] Seq=455 Ack=14003 Win=65536 Len=0"
"281","18.085162","192.168.198.204","192.168.198.203","SMB","4207","65","STATUS_SUCCESS","Trans2 Secondary Request, FID: 0x0000"
"282","18.087096","192.168.198.203","192.168.198.204","TCP","60","","","445  >  51133 [ACK] Seq=455 Ack=18156 Win=65536 Len=0"
"283","18.087101","192.168.198.204","192.168.198.203","SMB","4207","65","STATUS_SUCCESS","Trans2 Secondary Request, FID: 0x0000"
"284","18.087107","192.168.198.203","192.168.198.204","TCP","60","","","445  >  51133 [ACK] Seq=455 Ack=22309 Win=65536 Len=0"
"285","18.087109","192.168.198.204","192.168.198.203","SMB","4207","65","STATUS_SUCCESS","Trans2 Secondary Request, FID: 0x0000"
"286","18.087113","192.168.198.203","192.168.198.204","TCP","60","","","445  >  51133 [ACK] Seq=455 Ack=26462 Win=65536 Len=0"
"287","18.087120","192.168.198.204","192.168.198.203","SMB","4207","65","STATUS_SUCCESS","Trans2 Secondary Request, FID: 0x0000"
"288","18.087125","192.168.198.203","192.168.198.204","TCP","60","","","445  >  51133 [ACK] Seq=455 Ack=30615 Win=65536 Len=0"
"289","18.087127","192.168.198.204","192.168.198.203","SMB","4207","65","STATUS_SUCCESS","Trans2 Secondary Request, FID: 0x0000"
"290","18.087140","192.168.198.203","192.168.198.204","TCP","60","","","445  >  51133 [ACK] Seq=455 Ack=34768 Win=65536 Len=0"
"291","18.087141","192.168.198.204","192.168.198.203","SMB","4207","65","STATUS_SUCCESS","Trans2 Secondary Request, FID: 0x0000"
"292","18.087145","192.168.198.203","192.168.198.204","TCP","60","","","445  >  51133 [ACK] Seq=455 Ack=38921 Win=65536 Len=0"
"293","18.087147","192.168.198.204","192.168.198.203","SMB","4207","65","STATUS_SUCCESS","Trans2 Secondary Request, FID: 0x0000"
"294","18.087151","192.168.198.203","192.168.198.204","TCP","60","","","445  >  51133 [ACK] Seq=455 Ack=43074 Win=65536 Len=0"
"295","18.087154","192.168.198.204","192.168.198.203","SMB","4207","65","STATUS_SUCCESS","Trans2 Secondary Request, FID: 0x0000"
"296","18.087159","192.168.198.203","192.168.198.204","TCP","60","","","445  >  51133 [ACK] Seq=455 Ack=47227 Win=65536 Len=0"
"297","18.087160","192.168.198.204","192.168.198.203","SMB","4207","65","STATUS_SUCCESS","Trans2 Secondary Request, FID: 0x0000"
"298","18.087164","192.168.198.203","192.168.198.204","TCP","60","","","445  >  51133 [ACK] Seq=455 Ack=51380 Win=65536 Len=0"
"299","18.087166","192.168.198.204","192.168.198.203","SMB","4207","65","STATUS_SUCCESS","Trans2 Secondary Request, FID: 0x0000"
"300","18.087171","192.168.198.203","192.168.198.204","TCP","60","","","445  >  51133 [ACK] Seq=455 Ack=55533 Win=65536 Len=0"
"301","18.087173","192.168.198.204","192.168.198.203","SMB","4207","65","STATUS_SUCCESS","Trans2 Secondary Request, FID: 0x0000"
"302","18.087177","192.168.198.203","192.168.198.204","TCP","60","","","445  >  51133 [ACK] Seq=455 Ack=59686 Win=65536 Len=0"
"303","18.087179","192.168.198.204","192.168.198.203","SMB","4207","65","STATUS_SUCCESS","Trans2 Secondary Request, FID: 0x0000"
"304","18.087184","192.168.198.203","192.168.198.204","TCP","60","","","445  >  51133 [ACK] Seq=455 Ack=63839 Win=65536 Len=0"
"305","18.087185","192.168.198.204","192.168.198.203","SMB","107","65","STATUS_SUCCESS","Echo Request"
"306","18.087186","192.168.198.203","192.168.198.204","SMB","107","65","STATUS_SUCCESS","Echo Response"
"307","18.087188","192.168.198.204","192.168.198.203","TCP","66","","","51134  >  445 [SYN] Seq=0 Win=8192 Len=0 MSS=1460 WS=256 SACK_PERM"
"308","18.087399","192.168.198.203","192.168.198.204","TCP","66","","","445  >  51134 [SYN, ACK] Seq=0 Ack=1 Win=8192 Len=0 MSS=1460 WS=256 SACK_PERM"
"309","18.087403","192.168.198.204","192.168.198.203","TCP","60","","","51134  >  445 [ACK] Seq=1 Ack=1 Win=65536 Len=0"
"310","18.087404","192.168.198.204","192.168.198.203","SMB","191","64","STATUS_SUCCESS","Negotiate Protocol Request"
"311","18.087406","192.168.198.203","192.168.198.204","SMB","185","64","STATUS_SUCCESS","Negotiate Protocol Response"
"312","18.087590","192.168.198.204","192.168.198.203","SMB","139","64","STATUS_SUCCESS","Session Setup AndX Request"
"313","18.087593","192.168.198.203","192.168.198.204","SMB","251","64","STATUS_SUCCESS","Session Setup AndX Response"
"314","18.088267","192.168.198.204","192.168.198.203","TCP","66","","","51135  >  445 [SYN] Seq=0 Win=8192 Len=0 MSS=1460 WS=256 SACK_PERM"
"315","18.088274","192.168.198.203","192.168.198.204","TCP","66","","","445  >  51135 [SYN, ACK] Seq=0 Ack=1 Win=8192 Len=0 MSS=1460 WS=256 SACK_PERM"
"316","18.088275","192.168.198.204","192.168.198.203","TCP","60","","","51135  >  445 [ACK] Seq=1 Ack=1 Win=65536 Len=0"
"317","18.088276","192.168.198.204","192.168.198.203","TCP","186","","","51135  >  445 [PSH, ACK] Seq=1 Ack=1 Win=65536 Len=132 [TCP segment of a reassembled PDU]"
"318","18.088278","192.168.198.204","192.168.198.203","TCP","66","","","51136  >  445 [SYN] Seq=0 Win=8192 Len=0 MSS=1460 WS=256 SACK_PERM"
"319","18.088279","192.168.198.203","192.168.198.204","TCP","66","","","445  >  51136 [SYN, ACK] Seq=0 Ack=1 Win=8192 Len=0 MSS=1460 WS=256 SACK_PERM"
"320","18.088281","192.168.198.204","192.168.198.203","TCP","60","","","51136  >  445 [ACK] Seq=1 Ack=1 Win=65536 Len=0"
"321","18.088417","192.168.198.204","192.168.198.203","TCP","186","","","51136  >  445 [PSH, ACK] Seq=1 Ack=1 Win=65536 Len=132 [TCP segment of a reassembled PDU]"
"322","18.088594","192.168.198.204","192.168.198.203","TCP","66","","","51137  >  445 [SYN] Seq=0 Win=8192 Len=0 MSS=1460 WS=256 SACK_PERM"
"323","18.088599","192.168.198.203","192.168.198.204","TCP","66","","","445  >  51137 [SYN, ACK] Seq=0 Ack=1 Win=8192 Len=0 MSS=1460 WS=256 SACK_PERM"
"324","18.088677","192.168.198.204","192.168.198.203","TCP","60","","","51137  >  445 [ACK] Seq=1 Ack=1 Win=65536 Len=0"
"325","18.088711","192.168.198.204","192.168.198.203","TCP","186","","","51137  >  445 [PSH, ACK] Seq=1 Ack=1 Win=65536 Len=132 [TCP segment of a reassembled PDU]"
"326","18.088883","192.168.198.204","192.168.198.203","TCP","66","","","51138  >  445 [SYN] Seq=0 Win=8192 Len=0 MSS=1460 WS=256 SACK_PERM"
"327","18.088889","192.168.198.203","192.168.198.204","TCP","66","","","445  >  51138 [SYN, ACK] Seq=0 Ack=1 Win=8192 Len=0 MSS=1460 WS=256 SACK_PERM"
"328","18.089024","192.168.198.204","192.168.198.203","TCP","60","","","51138  >  445 [ACK] Seq=1 Ack=1 Win=65536 Len=0"
"329","18.089029","192.168.198.204","192.168.198.203","TCP","186","","","51138  >  445 [PSH, ACK] Seq=1 Ack=1 Win=65536 Len=132 [TCP segment of a reassembled PDU]"
"330","18.089164","192.168.198.204","192.168.198.203","TCP","66","","","51139  >  445 [SYN] Seq=0 Win=8192 Len=0 MSS=1460 WS=256 SACK_PERM"
"331","18.089169","192.168.198.203","192.168.198.204","TCP","66","","","445  >  51139 [SYN, ACK] Seq=0 Ack=1 Win=8192 Len=0 MSS=1460 WS=256 SACK_PERM"
"332","18.089283","192.168.198.204","192.168.198.203","TCP","60","","","51139  >  445 [ACK] Seq=1 Ack=1 Win=65536 Len=0"
"333","18.089288","192.168.198.204","192.168.198.203","TCP","186","","","51139  >  445 [PSH, ACK] Seq=1 Ack=1 Win=65536 Len=132 [TCP segment of a reassembled PDU]"
"334","18.089411","192.168.198.204","192.168.198.203","TCP","66","","","51140  >  445 [SYN] Seq=0 Win=8192 Len=0 MSS=1460 WS=256 SACK_PERM"
"335","18.089440","192.168.198.203","192.168.198.204","TCP","66","","","445  >  51140 [SYN, ACK] Seq=0 Ack=1 Win=8192 Len=0 MSS=1460 WS=256 SACK_PERM"
"336","18.089546","192.168.198.204","192.168.198.203","TCP","60","","","51140  >  445 [ACK] Seq=1 Ack=1 Win=65536 Len=0"
"337","18.089552","192.168.198.204","192.168.198.203","TCP","186","","","51140  >  445 [PSH, ACK] Seq=1 Ack=1 Win=65536 Len=132 [TCP segment of a reassembled PDU]"
"338","18.089654","192.168.198.204","192.168.198.203","TCP","66","","","51141  >  445 [SYN] Seq=0 Win=8192 Len=0 MSS=1460 WS=256 SACK_PERM"
"339","18.089711","192.168.198.203","192.168.198.204","TCP","66","","","445  >  51141 [SYN, ACK] Seq=0 Ack=1 Win=8192 Len=0 MSS=1460 WS=256 SACK_PERM"
"340","18.089812","192.168.198.204","192.168.198.203","TCP","60","","","51141  >  445 [ACK] Seq=1 Ack=1 Win=65536 Len=0"
"341","18.091023","192.168.198.204","192.168.198.203","TCP","186","","","51141  >  445 [PSH, ACK] Seq=1 Ack=1 Win=65536 Len=132 [TCP segment of a reassembled PDU]"
"342","18.091144","192.168.198.204","192.168.198.203","TCP","66","","","51142  >  445 [SYN] Seq=0 Win=8192 Len=0 MSS=1460 WS=256 SACK_PERM"
"343","18.091309","192.168.198.203","192.168.198.204","TCP","66","","","445  >  51142 [SYN, ACK] Seq=0 Ack=1 Win=8192 Len=0 MSS=1460 WS=256 SACK_PERM"
"344","18.091316","192.168.198.204","192.168.198.203","TCP","60","","","51142  >  445 [ACK] Seq=1 Ack=1 Win=65536 Len=0"
"345","18.091455","192.168.198.204","192.168.198.203","TCP","186","","","51142  >  445 [PSH, ACK] Seq=1 Ack=1 Win=65536 Len=132 [TCP segment of a reassembled PDU]"
"346","18.091535","192.168.198.204","192.168.198.203","TCP","66","","","51143  >  445 [SYN] Seq=0 Win=8192 Len=0 MSS=1460 WS=256 SACK_PERM"
"347","18.091579","192.168.198.203","192.168.198.204","TCP","66","","","445  >  51143 [SYN, ACK] Seq=0 Ack=1 Win=8192 Len=0 MSS=1460 WS=256 SACK_PERM"
"348","18.092152","192.168.198.204","192.168.198.203","TCP","60","","","51143  >  445 [ACK] Seq=1 Ack=1 Win=65536 Len=0"
"349","18.093140","192.168.198.204","192.168.198.203","TCP","186","","","51143  >  445 [PSH, ACK] Seq=1 Ack=1 Win=65536 Len=132 [TCP segment of a reassembled PDU]"
"350","18.093258","192.168.198.204","192.168.198.203","TCP","66","","","51144  >  445 [SYN] Seq=0 Win=8192 Len=0 MSS=1460 WS=256 SACK_PERM"
"351","18.093352","192.168.198.203","192.168.198.204","TCP","66","","","445  >  51144 [SYN, ACK] Seq=0 Ack=1 Win=8192 Len=0 MSS=1460 WS=256 SACK_PERM"
"352","18.093401","192.168.198.204","192.168.198.203","TCP","60","","","51144  >  445 [ACK] Seq=1 Ack=1 Win=65536 Len=0"
"353","18.093497","192.168.198.204","192.168.198.203","TCP","186","","","51144  >  445 [PSH, ACK] Seq=1 Ack=1 Win=65536 Len=132 [TCP segment of a reassembled PDU]"
"354","18.093578","192.168.198.204","192.168.198.203","TCP","66","","","51145  >  445 [SYN] Seq=0 Win=8192 Len=0 MSS=1460 WS=256 SACK_PERM"
"355","18.093624","192.168.198.203","192.168.198.204","TCP","66","","","445  >  51145 [SYN, ACK] Seq=0 Ack=1 Win=8192 Len=0 MSS=1460 WS=256 SACK_PERM"
"356","18.094622","192.168.198.204","192.168.198.203","TCP","60","","","51145  >  445 [ACK] Seq=1 Ack=1 Win=65536 Len=0"
"357","18.094679","192.168.198.204","192.168.198.203","TCP","186","","","51145  >  445 [PSH, ACK] Seq=1 Ack=1 Win=65536 Len=132 [TCP segment of a reassembled PDU]"
"358","18.094822","192.168.198.204","192.168.198.203","TCP","66","","","51146  >  445 [SYN] Seq=0 Win=8192 Len=0 MSS=1460 WS=256 SACK_PERM"
"359","18.094904","192.168.198.203","192.168.198.204","TCP","66","","","445  >  51146 [SYN, ACK] Seq=0 Ack=1 Win=8192 Len=0 MSS=1460 WS=256 SACK_PERM"
"360","18.094941","192.168.198.204","192.168.198.203","TCP","60","","","51146  >  445 [ACK] Seq=1 Ack=1 Win=65536 Len=0"
"361","18.095005","192.168.198.204","192.168.198.203","TCP","186","","","51146  >  445 [PSH, ACK] Seq=1 Ack=1 Win=65536 Len=132 [TCP segment of a reassembled PDU]"
"362","18.095163","192.168.198.204","192.168.198.203","TCP","66","","","51147  >  445 [SYN] Seq=0 Win=8192 Len=0 MSS=1460 WS=256 SACK_PERM"
"363","18.095189","192.168.198.203","192.168.198.204","TCP","66","","","445  >  51147 [SYN, ACK] Seq=0 Ack=1 Win=8192 Len=0 MSS=1460 WS=256 SACK_PERM"
"364","18.096260","192.168.198.204","192.168.198.203","TCP","60","","","51147  >  445 [ACK] Seq=1 Ack=1 Win=65536 Len=0"
"365","18.096334","192.168.198.204","192.168.198.203","TCP","186","","","51147  >  445 [PSH, ACK] Seq=1 Ack=1 Win=65536 Len=132 [TCP segment of a reassembled PDU]"
"366","18.096485","192.168.198.204","192.168.198.203","TCP","66","","","51148  >  445 [SYN] Seq=0 Win=8192 Len=0 MSS=1460 WS=256 SACK_PERM"
"367","18.096582","192.168.198.203","192.168.198.204","TCP","66","","","445  >  51148 [SYN, ACK] Seq=0 Ack=1 Win=8192 Len=0 MSS=1460 WS=256 SACK_PERM"
"368","18.096619","192.168.198.204","192.168.198.203","TCP","60","","","51148  >  445 [ACK] Seq=1 Ack=1 Win=65536 Len=0"
"369","18.096730","192.168.198.204","192.168.198.203","TCP","186","","","51148  >  445 [PSH, ACK] Seq=1 Ack=1 Win=65536 Len=132 [TCP segment of a reassembled PDU]"
"370","18.096810","192.168.198.204","192.168.198.203","TCP","66","","","51149  >  445 [SYN] Seq=0 Win=8192 Len=0 MSS=1460 WS=256 SACK_PERM"
"371","18.096923","192.168.198.203","192.168.198.204","TCP","66","","","445  >  51149 [SYN, ACK] Seq=0 Ack=1 Win=8192 Len=0 MSS=1460 WS=256 SACK_PERM"
"372","18.098309","192.168.198.204","192.168.198.203","TCP","60","","","51149  >  445 [ACK] Seq=1 Ack=1 Win=65536 Len=0"
"373","18.098386","192.168.198.204","192.168.198.203","TCP","186","","","51149  >  445 [PSH, ACK] Seq=1 Ack=1 Win=65536 Len=132 [TCP segment of a reassembled PDU]"
"374","18.098495","192.168.198.204","192.168.198.203","TCP","66","","","51150  >  445 [SYN] Seq=0 Win=8192 Len=0 MSS=1460 WS=256 SACK_PERM"
"375","18.098591","192.168.198.203","192.168.198.204","TCP","66","","","445  >  51150 [SYN, ACK] Seq=0 Ack=1 Win=8192 Len=0 MSS=1460 WS=256 SACK_PERM"
"376","18.099544","192.168.198.204","192.168.198.203","TCP","60","","","51150  >  445 [ACK] Seq=1 Ack=1 Win=65536 Len=0"
"377","18.099673","192.168.198.204","192.168.198.203","TCP","186","","","51150  >  445 [PSH, ACK] Seq=1 Ack=1 Win=65536 Len=132 [TCP segment of a reassembled PDU]"
"378","18.099787","192.168.198.204","192.168.198.203","TCP","66","","","51151  >  445 [SYN] Seq=0 Win=8192 Len=0 MSS=1460 WS=256 SACK_PERM"
"379","18.099882","192.168.198.203","192.168.198.204","TCP","66","","","445  >  51151 [SYN, ACK] Seq=0 Ack=1 Win=8192 Len=0 MSS=1460 WS=256 SACK_PERM"
"380","18.099918","192.168.198.204","192.168.198.203","TCP","60","","","51151  >  445 [ACK] Seq=1 Ack=1 Win=65536 Len=0"
"381","18.100013","192.168.198.204","192.168.198.203","TCP","186","","","51151  >  445 [PSH, ACK] Seq=1 Ack=1 Win=65536 Len=132 [TCP segment of a reassembled PDU]"
"382","18.100090","192.168.198.204","192.168.198.203","TCP","66","","","51152  >  445 [SYN] Seq=0 Win=8192 Len=0 MSS=1460 WS=256 SACK_PERM"
"383","18.100206","192.168.198.203","192.168.198.204","TCP","66","","","445  >  51152 [SYN, ACK] Seq=0 Ack=1 Win=8192 Len=0 MSS=1460 WS=256 SACK_PERM"
"384","18.101678","192.168.198.204","192.168.198.203","TCP","60","","","51152  >  445 [ACK] Seq=1 Ack=1 Win=65536 Len=0"
"385","18.101731","192.168.198.204","192.168.198.203","TCP","186","","","51152  >  445 [PSH, ACK] Seq=1 Ack=1 Win=65536 Len=132 [TCP segment of a reassembled PDU]"
"386","18.101855","192.168.198.204","192.168.198.203","TCP","66","","","51153  >  445 [SYN] Seq=0 Win=8192 Len=0 MSS=1460 WS=256 SACK_PERM"
"387","18.101891","192.168.198.203","192.168.198.204","TCP","66","","","445  >  51153 [SYN, ACK] Seq=0 Ack=1 Win=8192 Len=0 MSS=1460 WS=256 SACK_PERM"
"388","18.102188","192.168.198.204","192.168.198.203","TCP","60","","","51153  >  445 [ACK] Seq=1 Ack=1 Win=65536 Len=0"
"389","18.102194","192.168.198.204","192.168.198.203","SMB","191","64","STATUS_SUCCESS","Negotiate Protocol Request"
"390","18.103323","192.168.198.203","192.168.198.204","SMB","185","64","STATUS_SUCCESS","Negotiate Protocol Response"
"391","18.104288","192.168.198.204","192.168.198.203","SMB","139","64","STATUS_SUCCESS","Session Setup AndX Request"
"392","18.104295","192.168.198.203","192.168.198.204","SMB","175","64","STATUS_SUCCESS","Session Setup AndX Response"
"393","18.105333","192.168.198.204","192.168.198.203","TCP","60","","","51134  >  445 [FIN, ACK] Seq=223 Ack=329 Win=65280 Len=0"
"394","18.105340","192.168.198.203","192.168.198.204","TCP","60","","","445  >  51134 [ACK] Seq=329 Ack=224 Win=65536 Len=0"
"395","18.105342","192.168.198.203","192.168.198.204","TCP","60","","","445  >  51134 [RST, ACK] Seq=329 Ack=224 Win=0 Len=0"
"396","18.105343","192.168.198.204","192.168.198.203","TCP","66","","","51154  >  445 [SYN] Seq=0 Win=8192 Len=0 MSS=1460 WS=256 SACK_PERM"
"397","18.105344","192.168.198.203","192.168.198.204","TCP","66","","","445  >  51154 [SYN, ACK] Seq=0 Ack=1 Win=8192 Len=0 MSS=1460 WS=256 SACK_PERM"
"398","18.105345","192.168.198.204","192.168.198.203","TCP","60","","","51154  >  445 [ACK] Seq=1 Ack=1 Win=65536 Len=0"
"399","18.105346","192.168.198.204","192.168.198.203","TCP","186","","","51154  >  445 [PSH, ACK] Seq=1 Ack=1 Win=65536 Len=132 [TCP segment of a reassembled PDU]"
"400","18.105348","192.168.198.204","192.168.198.203","TCP","66","","","51155  >  445 [SYN] Seq=0 Win=8192 Len=0 MSS=1460 WS=256 SACK_PERM"
"401","18.105349","192.168.198.203","192.168.198.204","TCP","66","","","445  >  51155 [SYN, ACK] Seq=0 Ack=1 Win=8192 Len=0 MSS=1460 WS=256 SACK_PERM"
"402","18.105350","192.168.198.204","192.168.198.203","TCP","60","","","51155  >  445 [ACK] Seq=1 Ack=1 Win=65536 Len=0"
"403","18.105351","192.168.198.204","192.168.198.203","TCP","186","","","51155  >  445 [PSH, ACK] Seq=1 Ack=1 Win=65536 Len=132 [TCP segment of a reassembled PDU]"
"404","18.106215","192.168.198.204","192.168.198.203","TCP","66","","","51156  >  445 [SYN] Seq=0 Win=8192 Len=0 MSS=1460 WS=256 SACK_PERM"
"405","18.106222","192.168.198.203","192.168.198.204","TCP","66","","","445  >  51156 [SYN, ACK] Seq=0 Ack=1 Win=8192 Len=0 MSS=1460 WS=256 SACK_PERM"
"406","18.107334","192.168.198.204","192.168.198.203","TCP","60","","","51156  >  445 [ACK] Seq=1 Ack=1 Win=65536 Len=0"
"407","18.107503","192.168.198.204","192.168.198.203","TCP","186","","","51156  >  445 [PSH, ACK] Seq=1 Ack=1 Win=65536 Len=132 [TCP segment of a reassembled PDU]"
"408","18.107510","192.168.198.204","192.168.198.203","TCP","66","","","51157  >  445 [SYN] Seq=0 Win=8192 Len=0 MSS=1460 WS=256 SACK_PERM"
"409","18.107658","192.168.198.203","192.168.198.204","TCP","66","","","445  >  51157 [SYN, ACK] Seq=0 Ack=1 Win=8192 Len=0 MSS=1460 WS=256 SACK_PERM"
"410","18.107664","192.168.198.204","192.168.198.203","TCP","60","","","51157  >  445 [ACK] Seq=1 Ack=1 Win=65536 Len=0"
"411","18.107873","192.168.198.204","192.168.198.203","TCP","186","","","51157  >  445 [PSH, ACK] Seq=1 Ack=1 Win=65536 Len=132 [TCP segment of a reassembled PDU]"
"412","18.107879","192.168.198.204","192.168.198.203","TCP","66","","","51158  >  445 [SYN] Seq=0 Win=8192 Len=0 MSS=1460 WS=256 SACK_PERM"
"413","18.109109","192.168.198.203","192.168.198.204","TCP","66","","","445  >  51158 [SYN, ACK] Seq=0 Ack=1 Win=8192 Len=0 MSS=1460 WS=256 SACK_PERM"
"414","18.109115","192.168.198.204","192.168.198.203","TCP","60","","","51158  >  445 [ACK] Seq=1 Ack=1 Win=65536 Len=0"
"415","18.110328","192.168.198.204","192.168.198.203","TCP","186","","","51158  >  445 [PSH, ACK] Seq=1 Ack=1 Win=65536 Len=132 [TCP segment of a reassembled PDU]"
"416","18.137732","192.168.198.204","192.168.198.203","TCP","60","","","51133  >  445 [ACK] Seq=63892 Ack=508 Win=65024 Len=0"
"417","18.169003","192.168.198.204","192.168.198.203","TCP","60","","","51153  >  445 [ACK] Seq=223 Ack=253 Win=65280 Len=0"
"418","18.297357","192.168.198.203","192.168.198.204","TCP","60","","","445  >  51135 [ACK] Seq=1 Ack=133 Win=65536 Len=0"
"419","18.297410","192.168.198.203","192.168.198.204","TCP","60","","","445  >  51136 [ACK] Seq=1 Ack=133 Win=65536 Len=0"
"420","18.297414","192.168.198.203","192.168.198.204","TCP","60","","","445  >  51137 [ACK] Seq=1 Ack=133 Win=65536 Len=0"
"421","18.297415","192.168.198.203","192.168.198.204","TCP","60","","","445  >  51138 [ACK] Seq=1 Ack=133 Win=65536 Len=0"
"422","18.297417","192.168.198.203","192.168.198.204","TCP","60","","","445  >  51139 [ACK] Seq=1 Ack=133 Win=65536 Len=0"
"423","18.297418","192.168.198.203","192.168.198.204","TCP","60","","","445  >  51140 [ACK] Seq=1 Ack=133 Win=65536 Len=0"
"424","18.297470","192.168.198.203","192.168.198.204","TCP","60","","","445  >  51141 [ACK] Seq=1 Ack=133 Win=65536 Len=0"
"425","18.297474","192.168.198.203","192.168.198.204","TCP","60","","","445  >  51142 [ACK] Seq=1 Ack=133 Win=65536 Len=0"
"426","18.297475","192.168.198.203","192.168.198.204","TCP","60","","","445  >  51143 [ACK] Seq=1 Ack=133 Win=65536 Len=0"
"427","18.297496","192.168.198.203","192.168.198.204","TCP","60","","","445  >  51144 [ACK] Seq=1 Ack=133 Win=65536 Len=0"
"428","18.297499","192.168.198.203","192.168.198.204","TCP","60","","","445  >  51145 [ACK] Seq=1 Ack=133 Win=65536 Len=0"
"429","18.297530","192.168.198.203","192.168.198.204","TCP","60","","","445  >  51146 [ACK] Seq=1 Ack=133 Win=65536 Len=0"
"430","18.297533","192.168.198.203","192.168.198.204","TCP","60","","","445  >  51147 [ACK] Seq=1 Ack=133 Win=65536 Len=0"
"431","18.297552","192.168.198.203","192.168.198.204","TCP","60","","","445  >  51148 [ACK] Seq=1 Ack=133 Win=65536 Len=0"
"432","18.312864","192.168.198.203","192.168.198.204","TCP","60","","","445  >  51149 [ACK] Seq=1 Ack=133 Win=65536 Len=0"
"433","18.312928","192.168.198.203","192.168.198.204","TCP","60","","","445  >  51150 [ACK] Seq=1 Ack=133 Win=65536 Len=0"
"434","18.312932","192.168.198.203","192.168.198.204","TCP","60","","","445  >  51151 [ACK] Seq=1 Ack=133 Win=65536 Len=0"
"435","18.312933","192.168.198.203","192.168.198.204","TCP","60","","","445  >  51152 [ACK] Seq=1 Ack=133 Win=65536 Len=0"
"436","18.312958","192.168.198.203","192.168.198.204","TCP","60","","","445  >  51154 [ACK] Seq=1 Ack=133 Win=65536 Len=0"
"437","18.312998","192.168.198.203","192.168.198.204","TCP","60","","","445  >  51155 [ACK] Seq=1 Ack=133 Win=65536 Len=0"
"438","18.313001","192.168.198.203","192.168.198.204","TCP","60","","","445  >  51156 [ACK] Seq=1 Ack=133 Win=65536 Len=0"
"439","18.313023","192.168.198.203","192.168.198.204","TCP","60","","","445  >  51157 [ACK] Seq=1 Ack=133 Win=65536 Len=0"
"440","18.313047","192.168.198.203","192.168.198.204","TCP","60","","","445  >  51158 [ACK] Seq=1 Ack=133 Win=65536 Len=0"
"441","19.122201","192.168.198.204","192.168.198.203","TCP","60","","","51153  >  445 [FIN, ACK] Seq=223 Ack=253 Win=65280 Len=0"
"442","19.122263","192.168.198.203","192.168.198.204","TCP","60","","","445  >  51153 [ACK] Seq=253 Ack=224 Win=65536 Len=0"
"443","19.122269","192.168.198.204","192.168.198.203","SMB","107","65","STATUS_SUCCESS","Echo Request"
"444","19.122408","192.168.198.203","192.168.198.204","SMB","107","65","STATUS_SUCCESS","Echo Response"
"445","19.122521","192.168.198.203","192.168.198.204","TCP","60","","","445  >  51153 [RST, ACK] Seq=253 Ack=224 Win=0 Len=0"
"446","19.125391","192.168.198.204","192.168.198.203","SMB","4207","65","STATUS_SUCCESS","Trans2 Secondary Request, FID: 0x0000"
"447","19.125615","192.168.198.203","192.168.198.204","TCP","60","","","445  >  51133 [ACK] Seq=561 Ack=68098 Win=65536 Len=0"
"448","19.125622","192.168.198.203","192.168.198.204","SMB","146","65","STATUS_INVALID_PARAMETER","Trans2 Response<unknown>, Error: STATUS_INVALID_PARAMETER"
"449","19.125713","192.168.198.204","192.168.198.203","TCP","4126","","","51135  >  445 [PSH, ACK] Seq=133 Ack=1 Win=65536 Len=4072 [TCP segment of a reassembled PDU]"
"450","19.125942","192.168.198.204","192.168.198.203","TCP","4126","","","51136  >  445 [PSH, ACK] Seq=133 Ack=1 Win=65536 Len=4072 [TCP segment of a reassembled PDU]"
"451","19.125978","192.168.198.203","192.168.198.204","TCP","60","","","445  >  51135 [ACK] Seq=1 Ack=4205 Win=65536 Len=0"
"452","19.125981","192.168.198.203","192.168.198.204","TCP","60","","","445  >  51136 [ACK] Seq=1 Ack=4205 Win=65536 Len=0"
"453","19.125984","192.168.198.204","192.168.198.203","TCP","4126","","","51137  >  445 [PSH, ACK] Seq=133 Ack=1 Win=65536 Len=4072 [TCP segment of a reassembled PDU]"
"454","19.125988","192.168.198.203","192.168.198.204","TCP","60","","","445  >  51137 [ACK] Seq=1 Ack=4205 Win=65536 Len=0"
"455","19.125993","192.168.198.204","192.168.198.203","TCP","4126","","","51138  >  445 [PSH, ACK] Seq=133 Ack=1 Win=65536 Len=4072 [TCP segment of a reassembled PDU]"
"456","19.126062","192.168.198.203","192.168.198.204","TCP","60","","","445  >  51138 [ACK] Seq=1 Ack=4205 Win=65536 Len=0"
"457","19.126067","192.168.198.204","192.168.198.203","TCP","4126","","","51139  >  445 [PSH, ACK] Seq=133 Ack=1 Win=65536 Len=4072 [TCP segment of a reassembled PDU]"
"458","19.126094","192.168.198.203","192.168.198.204","TCP","60","","","445  >  51139 [ACK] Seq=1 Ack=4205 Win=65536 Len=0"
"459","19.126141","192.168.198.204","192.168.198.203","TCP","4126","","","51140  >  445 [PSH, ACK] Seq=133 Ack=1 Win=65536 Len=4072 [TCP segment of a reassembled PDU]"
"460","19.126211","192.168.198.203","192.168.198.204","TCP","60","","","445  >  51140 [ACK] Seq=1 Ack=4205 Win=65536 Len=0"
"461","19.126216","192.168.198.204","192.168.198.203","TCP","4126","","","51141  >  445 [PSH, ACK] Seq=133 Ack=1 Win=65536 Len=4072 [TCP segment of a reassembled PDU]"
"462","19.126260","192.168.198.203","192.168.198.204","TCP","60","","","445  >  51141 [ACK] Seq=1 Ack=4205 Win=65536 Len=0"
"463","19.126290","192.168.198.204","192.168.198.203","TCP","4126","","","51142  >  445 [PSH, ACK] Seq=133 Ack=1 Win=65536 Len=4072 [TCP segment of a reassembled PDU]"
"464","19.126687","192.168.198.203","192.168.198.204","TCP","60","","","445  >  51142 [ACK] Seq=1 Ack=4205 Win=65536 Len=0"
"465","19.126695","192.168.198.204","192.168.198.203","TCP","4126","","","51143  >  445 [PSH, ACK] Seq=133 Ack=1 Win=65536 Len=4072 [TCP segment of a reassembled PDU]"
"466","19.126981","192.168.198.203","192.168.198.204","TCP","60","","","445  >  51143 [ACK] Seq=1 Ack=4205 Win=65536 Len=0"
"467","19.126989","192.168.198.204","192.168.198.203","TCP","4126","","","51144  >  445 [PSH, ACK] Seq=133 Ack=1 Win=65536 Len=4072 [TCP segment of a reassembled PDU]"
"468","19.126993","192.168.198.203","192.168.198.204","TCP","60","","","445  >  51144 [ACK] Seq=1 Ack=4205 Win=65536 Len=0"
"469","19.126996","192.168.198.204","192.168.198.203","TCP","4126","","","51145  >  445 [PSH, ACK] Seq=133 Ack=1 Win=65536 Len=4072 [TCP segment of a reassembled PDU]"
"470","19.126999","192.168.198.203","192.168.198.204","TCP","60","","","445  >  51145 [ACK] Seq=1 Ack=4205 Win=65536 Len=0"
"471","19.127002","192.168.198.204","192.168.198.203","TCP","4126","","","51146  >  445 [PSH, ACK] Seq=133 Ack=1 Win=65536 Len=4072 [TCP segment of a reassembled PDU]"
"472","19.127057","192.168.198.203","192.168.198.204","TCP","60","","","445  >  51146 [ACK] Seq=1 Ack=4205 Win=65536 Len=0"
"473","19.127061","192.168.198.204","192.168.198.203","TCP","4126","","","51147  >  445 [PSH, ACK] Seq=133 Ack=1 Win=65536 Len=4072 [TCP segment of a reassembled PDU]"
"474","19.127066","192.168.198.203","192.168.198.204","TCP","60","","","445  >  51147 [ACK] Seq=1 Ack=4205 Win=65536 Len=0"
"475","19.127068","192.168.198.204","192.168.198.203","TCP","4126","","","51148  >  445 [PSH, ACK] Seq=133 Ack=1 Win=65536 Len=4072 [TCP segment of a reassembled PDU]"
"476","19.127072","192.168.198.203","192.168.198.204","TCP","60","","","445  >  51148 [ACK] Seq=1 Ack=4205 Win=65536 Len=0"
"477","19.127073","192.168.198.204","192.168.198.203","TCP","4126","","","51149  >  445 [PSH, ACK] Seq=133 Ack=1 Win=65536 Len=4072 [TCP segment of a reassembled PDU]"
"478","19.127077","192.168.198.203","192.168.198.204","TCP","60","","","445  >  51149 [ACK] Seq=1 Ack=4205 Win=65536 Len=0"
"479","19.127079","192.168.198.204","192.168.198.203","TCP","4126","","","51150  >  445 [PSH, ACK] Seq=133 Ack=1 Win=65536 Len=4072 [TCP segment of a reassembled PDU]"
"480","19.127118","192.168.198.203","192.168.198.204","TCP","60","","","445  >  51150 [ACK] Seq=1 Ack=4205 Win=65536 Len=0"
"481","19.127122","192.168.198.204","192.168.198.203","TCP","4126","","","51151  >  445 [PSH, ACK] Seq=133 Ack=1 Win=65536 Len=4072 [TCP segment of a reassembled PDU]"
"482","19.127377","192.168.198.203","192.168.198.204","TCP","60","","","445  >  51151 [ACK] Seq=1 Ack=4205 Win=65536 Len=0"
"483","19.127383","192.168.198.204","192.168.198.203","TCP","4126","","","51152  >  445 [PSH, ACK] Seq=133 Ack=1 Win=65536 Len=4072 [TCP segment of a reassembled PDU]"
"484","19.127388","192.168.198.203","192.168.198.204","TCP","60","","","445  >  51152 [ACK] Seq=1 Ack=4205 Win=65536 Len=0"
"485","19.127390","192.168.198.204","192.168.198.203","TCP","4126","","","51154  >  445 [PSH, ACK] Seq=133 Ack=1 Win=65536 Len=4072 [TCP segment of a reassembled PDU]"
"486","19.127394","192.168.198.203","192.168.198.204","TCP","60","","","445  >  51154 [ACK] Seq=1 Ack=4205 Win=65536 Len=0"
"487","19.127396","192.168.198.204","192.168.198.203","TCP","4126","","","51155  >  445 [PSH, ACK] Seq=133 Ack=1 Win=65536 Len=4072 [TCP segment of a reassembled PDU]"
"488","19.127430","192.168.198.203","192.168.198.204","TCP","60","","","445  >  51155 [ACK] Seq=1 Ack=4205 Win=65536 Len=0"
"489","19.127434","192.168.198.204","192.168.198.203","TCP","4126","","","51156  >  445 [PSH, ACK] Seq=133 Ack=1 Win=65536 Len=4072 [TCP segment of a reassembled PDU]"
"490","19.127645","192.168.198.203","192.168.198.204","TCP","60","","","445  >  51156 [ACK] Seq=1 Ack=4205 Win=65536 Len=0"
"491","19.127648","192.168.198.204","192.168.198.203","TCP","4126","","","51157  >  445 [PSH, ACK] Seq=133 Ack=1 Win=65536 Len=4072 [TCP segment of a reassembled PDU]"
"492","19.127653","192.168.198.203","192.168.198.204","TCP","60","","","445  >  51157 [ACK] Seq=1 Ack=4205 Win=65536 Len=0"
"493","19.127655","192.168.198.204","192.168.198.203","TCP","4126","","","51158  >  445 [PSH, ACK] Seq=133 Ack=1 Win=65536 Len=4072 [TCP segment of a reassembled PDU]"
"494","19.127685","192.168.198.203","192.168.198.204","TCP","60","","","445  >  51158 [ACK] Seq=1 Ack=4205 Win=65536 Len=0"
"495","19.184546","192.168.198.204","192.168.198.203","TCP","60","","","51133  >  445 [ACK] Seq=68098 Ack=653 Win=65024 Len=0"
"496","29.137044","192.168.198.204","192.168.198.203","TCP","60","","","51135  >  445 [FIN, ACK] Seq=4205 Ack=1 Win=65536 Len=0"
"497","29.137156","192.168.198.204","192.168.198.203","TCP","60","","","51136  >  445 [FIN, ACK] Seq=4205 Ack=1 Win=65536 Len=0"
"498","29.137165","192.168.198.203","192.168.198.204","TCP","60","","","445  >  51135 [ACK] Seq=1 Ack=4206 Win=65536 Len=0"
"499","29.137167","192.168.198.204","192.168.198.203","TCP","60","","","51137  >  445 [FIN, ACK] Seq=4205 Ack=1 Win=65536 Len=0"
"500","29.137243","192.168.198.203","192.168.198.204","TCP","60","","","445  >  51136 [ACK] Seq=1 Ack=4206 Win=65536 Len=0"
"501","29.137248","192.168.198.204","192.168.198.203","TCP","60","","","51138  >  445 [FIN, ACK] Seq=4205 Ack=1 Win=65536 Len=0"
"502","29.137272","192.168.198.203","192.168.198.204","TCP","60","","","445  >  51137 [ACK] Seq=1 Ack=4206 Win=65536 Len=0"
"503","29.137331","192.168.198.203","192.168.198.204","TCP","60","","","445  >  51138 [ACK] Seq=1 Ack=4206 Win=65536 Len=0"
"504","29.137335","192.168.198.204","192.168.198.203","TCP","60","","","51139  >  445 [FIN, ACK] Seq=4205 Ack=1 Win=65536 Len=0"
"505","29.137393","192.168.198.203","192.168.198.204","TCP","60","","","445  >  51136 [RST, ACK] Seq=1 Ack=4206 Win=0 Len=0"
"506","29.137397","192.168.198.204","192.168.198.203","TCP","60","","","51140  >  445 [FIN, ACK] Seq=4205 Ack=1 Win=65536 Len=0"
"507","29.137427","192.168.198.203","192.168.198.204","TCP","60","","","445  >  51139 [ACK] Seq=1 Ack=4206 Win=65536 Len=0"
"508","29.137517","192.168.198.203","192.168.198.204","TCP","60","","","445  >  51140 [ACK] Seq=1 Ack=4206 Win=65536 Len=0"
"509","29.137522","192.168.198.204","192.168.198.203","TCP","60","","","51141  >  445 [FIN, ACK] Seq=4205 Ack=1 Win=65536 Len=0"
"510","29.137563","192.168.198.203","192.168.198.204","TCP","60","","","445  >  51137 [RST, ACK] Seq=1 Ack=4206 Win=0 Len=0"
"511","29.137566","192.168.198.204","192.168.198.203","TCP","60","","","51142  >  445 [FIN, ACK] Seq=4205 Ack=1 Win=65536 Len=0"
"512","29.137585","192.168.198.203","192.168.198.204","TCP","60","","","445  >  51141 [ACK] Seq=1 Ack=4206 Win=65536 Len=0"
"513","29.137650","192.168.198.203","192.168.198.204","TCP","60","","","445  >  51142 [ACK] Seq=1 Ack=4206 Win=65536 Len=0"
"514","29.137676","192.168.198.203","192.168.198.204","TCP","60","","","445  >  51138 [RST, ACK] Seq=1 Ack=4206 Win=0 Len=0"
"515","29.137732","192.168.198.203","192.168.198.204","TCP","60","","","445  >  51139 [RST, ACK] Seq=1 Ack=4206 Win=0 Len=0"
"516","29.137760","192.168.198.204","192.168.198.203","TCP","60","","","51143  >  445 [FIN, ACK] Seq=4205 Ack=1 Win=65536 Len=0"
"517","29.137816","192.168.198.203","192.168.198.204","TCP","60","","","445  >  51140 [RST, ACK] Seq=1 Ack=4206 Win=0 Len=0"
"518","29.137819","192.168.198.203","192.168.198.204","TCP","60","","","445  >  51143 [ACK] Seq=1 Ack=4206 Win=65536 Len=0"
"519","29.137839","192.168.198.203","192.168.198.204","TCP","60","","","445  >  51141 [RST, ACK] Seq=1 Ack=4206 Win=0 Len=0"
"520","29.137924","192.168.198.203","192.168.198.204","TCP","60","","","445  >  51142 [RST, ACK] Seq=1 Ack=4206 Win=0 Len=0"
"521","29.137929","192.168.198.204","192.168.198.203","TCP","60","","","51144  >  445 [FIN, ACK] Seq=4205 Ack=1 Win=65536 Len=0"
"522","29.137968","192.168.198.203","192.168.198.204","TCP","60","","","445  >  51143 [RST, ACK] Seq=1 Ack=4206 Win=0 Len=0"
"523","29.138008","192.168.198.204","192.168.198.203","TCP","60","","","51145  >  445 [FIN, ACK] Seq=4205 Ack=1 Win=65536 Len=0"
"524","29.138010","192.168.198.203","192.168.198.204","TCP","60","","","445  >  51144 [ACK] Seq=1 Ack=4206 Win=65536 Len=0"
"525","29.138082","192.168.198.203","192.168.198.204","TCP","60","","","445  >  51145 [ACK] Seq=1 Ack=4206 Win=65536 Len=0"
"526","29.138087","192.168.198.203","192.168.198.204","TCP","60","","","445  >  51144 [RST, ACK] Seq=1 Ack=4206 Win=0 Len=0"
"527","29.138118","192.168.198.203","192.168.198.204","TCP","60","","","445  >  51145 [RST, ACK] Seq=1 Ack=4206 Win=0 Len=0"
"528","29.138178","192.168.198.203","192.168.198.204","TCP","60","","","445  >  51135 [RST, ACK] Seq=1 Ack=4206 Win=0 Len=0"
"529","29.138183","192.168.198.204","192.168.198.203","TCP","60","","","51146  >  445 [FIN, ACK] Seq=4205 Ack=1 Win=65536 Len=0"
"530","29.138209","192.168.198.203","192.168.198.204","TCP","60","","","445  >  51146 [ACK] Seq=1 Ack=4206 Win=65536 Len=0"
"531","29.138231","192.168.198.203","192.168.198.204","TCP","60","","","445  >  51146 [RST, ACK] Seq=1 Ack=4206 Win=0 Len=0"
"532","29.138388","192.168.198.204","192.168.198.203","TCP","60","","","51147  >  445 [FIN, ACK] Seq=4205 Ack=1 Win=65536 Len=0"
"533","29.138441","192.168.198.204","192.168.198.203","TCP","60","","","51148  >  445 [FIN, ACK] Seq=4205 Ack=1 Win=65536 Len=0"
"534","29.138445","192.168.198.203","192.168.198.204","TCP","60","","","445  >  51147 [ACK] Seq=1 Ack=4206 Win=65536 Len=0"
"535","29.138509","192.168.198.203","192.168.198.204","TCP","60","","","445  >  51148 [ACK] Seq=1 Ack=4206 Win=65536 Len=0"
"536","29.138513","192.168.198.204","192.168.198.203","TCP","60","","","51149  >  445 [FIN, ACK] Seq=4205 Ack=1 Win=65536 Len=0"
"537","29.138578","192.168.198.203","192.168.198.204","TCP","60","","","445  >  51149 [ACK] Seq=1 Ack=4206 Win=65536 Len=0"
"538","29.138582","192.168.198.204","192.168.198.203","TCP","60","","","51150  >  445 [FIN, ACK] Seq=4205 Ack=1 Win=65536 Len=0"
"539","29.138583","192.168.198.203","192.168.198.204","TCP","60","","","445  >  51148 [RST, ACK] Seq=1 Ack=4206 Win=0 Len=0"
"540","29.138653","192.168.198.203","192.168.198.204","TCP","60","","","445  >  51150 [ACK] Seq=1 Ack=4206 Win=65536 Len=0"
"541","29.138658","192.168.198.203","192.168.198.204","TCP","60","","","445  >  51149 [RST, ACK] Seq=1 Ack=4206 Win=0 Len=0"
"542","29.138704","192.168.198.203","192.168.198.204","TCP","60","","","445  >  51150 [RST, ACK] Seq=1 Ack=4206 Win=0 Len=0"
"543","29.138777","192.168.198.203","192.168.198.204","TCP","60","","","445  >  51147 [RST, ACK] Seq=1 Ack=4206 Win=0 Len=0"
"544","29.138782","192.168.198.204","192.168.198.203","TCP","60","","","51151  >  445 [FIN, ACK] Seq=4205 Ack=1 Win=65536 Len=0"
"545","29.138783","192.168.198.203","192.168.198.204","TCP","60","","","445  >  51151 [ACK] Seq=1 Ack=4206 Win=65536 Len=0"
"546","29.140746","192.168.198.203","192.168.198.204","TCP","60","","","445  >  51151 [RST, ACK] Seq=1 Ack=4206 Win=0 Len=0"
"547","29.140753","192.168.198.204","192.168.198.203","TCP","60","","","51152  >  445 [FIN, ACK] Seq=4205 Ack=1 Win=65536 Len=0"
"548","29.140754","192.168.198.204","192.168.198.203","TCP","60","","","51154  >  445 [FIN, ACK] Seq=4205 Ack=1 Win=65536 Len=0"
"549","29.140756","192.168.198.203","192.168.198.204","TCP","60","","","445  >  51152 [ACK] Seq=1 Ack=4206 Win=65536 Len=0"
"550","29.140757","192.168.198.203","192.168.198.204","TCP","60","","","445  >  51154 [ACK] Seq=1 Ack=4206 Win=65536 Len=0"
"551","29.140759","192.168.198.204","192.168.198.203","TCP","60","","","51155  >  445 [FIN, ACK] Seq=4205 Ack=1 Win=65536 Len=0"
"552","29.140760","192.168.198.203","192.168.198.204","TCP","60","","","445  >  51155 [ACK] Seq=1 Ack=4206 Win=65536 Len=0"
"553","29.140761","192.168.198.204","192.168.198.203","TCP","60","","","51156  >  445 [FIN, ACK] Seq=4205 Ack=1 Win=65536 Len=0"
"554","29.140762","192.168.198.203","192.168.198.204","TCP","60","","","445  >  51156 [ACK] Seq=1 Ack=4206 Win=65536 Len=0"
"555","29.140763","192.168.198.204","192.168.198.203","TCP","60","","","51157  >  445 [FIN, ACK] Seq=4205 Ack=1 Win=65536 Len=0"
"556","29.140764","192.168.198.204","192.168.198.203","TCP","60","","","51158  >  445 [FIN, ACK] Seq=4205 Ack=1 Win=65536 Len=0"
"557","29.140765","192.168.198.203","192.168.198.204","TCP","60","","","445  >  51157 [ACK] Seq=1 Ack=4206 Win=65536 Len=0"
"558","29.140766","192.168.198.203","192.168.198.204","TCP","60","","","445  >  51158 [ACK] Seq=1 Ack=4206 Win=65536 Len=0"
"559","29.140767","192.168.198.203","192.168.198.204","TCP","60","","","445  >  51154 [RST, ACK] Seq=1 Ack=4206 Win=0 Len=0"
"560","29.140768","192.168.198.203","192.168.198.204","TCP","60","","","445  >  51155 [RST, ACK] Seq=1 Ack=4206 Win=0 Len=0"
"561","29.140769","192.168.198.203","192.168.198.204","TCP","60","","","445  >  51156 [RST, ACK] Seq=1 Ack=4206 Win=0 Len=0"
"562","29.140771","192.168.198.203","192.168.198.204","TCP","60","","","445  >  51157 [RST, ACK] Seq=1 Ack=4206 Win=0 Len=0"
"563","29.140773","192.168.198.203","192.168.198.204","TCP","60","","","445  >  51158 [RST, ACK] Seq=1 Ack=4206 Win=0 Len=0"
"564","29.140774","192.168.198.203","192.168.198.204","TCP","60","","","445  >  51152 [RST, ACK] Seq=1 Ack=4206 Win=0 Len=0"
"565","34.151968","192.168.198.204","192.168.198.203","SMB","136","66","STATUS_SUCCESS","Trans2 Request, SESSION_SETUP"
"566","34.152103","192.168.198.203","192.168.198.204","SMB","93","82","STATUS_NOT_IMPLEMENTED","Trans2 Response<unknown>, Error: STATUS_NOT_IMPLEMENTED"
"567","34.214409","192.168.198.204","192.168.198.203","TCP","60","","","51133  >  445 [ACK] Seq=68180 Ack=692 Win=64768 Len=0"
"568","36.161671","192.168.198.204","192.168.198.203","SMB","93","66","STATUS_SUCCESS","Tree Disconnect Request"
"569","36.161838","192.168.198.203","192.168.198.204","SMB","93","66","STATUS_SUCCESS","Tree Disconnect Response"
"570","36.162120","192.168.198.204","192.168.198.203","SMB","97","66","STATUS_SUCCESS","Logoff AndX Request"
"571","36.162272","192.168.198.203","192.168.198.204","SMB","97","66","STATUS_SUCCESS","Logoff AndX Response"
"572","36.162448","192.168.198.204","192.168.198.203","TCP","60","","","51133  >  445 [FIN, ACK] Seq=68262 Ack=774 Win=64768 Len=0"
"573","36.162605","192.168.198.203","192.168.198.204","TCP","60","","","445  >  51133 [ACK] Seq=774 Ack=68263 Win=65536 Len=0"
"574","36.162716","192.168.198.203","192.168.198.204","TCP","60","","","445  >  51133 [RST, ACK] Seq=774 Ack=68263 Win=0 Len=0"
"575","41.108839","VMware_68:24:5a","VMware_a3:01:b7","ARP","60","","","Who has 192.168.198.204? Tell 192.168.198.203"
"576","41.108948","VMware_a3:01:b7","VMware_68:24:5a","ARP","60","","","192.168.198.204 is at 00:0c:29:a3:01:b7"
